-- MySQL dump 10.13  Distrib 5.6.14, for Win64 (x86_64)
--
-- Host: localhost    Database: booksdb
-- ------------------------------------------------------
-- Server version	5.6.14

/*!40101 SET @OLD_CHARACTER_SET_CLIENT=@@CHARACTER_SET_CLIENT */;
/*!40101 SET @OLD_CHARACTER_SET_RESULTS=@@CHARACTER_SET_RESULTS */;
/*!40101 SET @OLD_COLLATION_CONNECTION=@@COLLATION_CONNECTION */;
/*!40101 SET NAMES utf8 */;
/*!40103 SET @OLD_TIME_ZONE=@@TIME_ZONE */;
/*!40103 SET TIME_ZONE='+00:00' */;
/*!40014 SET @OLD_UNIQUE_CHECKS=@@UNIQUE_CHECKS, UNIQUE_CHECKS=0 */;
/*!40014 SET @OLD_FOREIGN_KEY_CHECKS=@@FOREIGN_KEY_CHECKS, FOREIGN_KEY_CHECKS=0 */;
/*!40101 SET @OLD_SQL_MODE=@@SQL_MODE, SQL_MODE='NO_AUTO_VALUE_ON_ZERO' */;
/*!40111 SET @OLD_SQL_NOTES=@@SQL_NOTES, SQL_NOTES=0 */;

--
-- Table structure for table `authors`
--

DROP TABLE IF EXISTS `authors`;
/*!40101 SET @saved_cs_client     = @@character_set_client */;
/*!40101 SET character_set_client = utf8 */;
CREATE TABLE `authors` (
  `authID` int(11) NOT NULL AUTO_INCREMENT,
  `authName` varchar(200) NOT NULL,
  `isAlive` int(11) DEFAULT NULL,
  `comment` varchar(255) DEFAULT '0',
  PRIMARY KEY (`authID`),
  UNIQUE KEY `authName` (`authName`)
) ENGINE=InnoDB AUTO_INCREMENT=172 DEFAULT CHARSET=utf8;
/*!40101 SET character_set_client = @saved_cs_client */;

--
-- Dumping data for table `authors`
--

LOCK TABLES `authors` WRITE;
/*!40000 ALTER TABLE `authors` DISABLE KEYS */;
INSERT INTO `authors` VALUES (1,'Hugo, Victor',0,'0'),(2,'Pratchett, Terry',1,'0'),(3,'Austen, Jane',0,'0'),(4,'Dahl, Roald',0,'0'),(5,'Tolkien, JRR',0,'0'),(6,'Bronte, Charlotte',0,'0'),(7,'Rowling, JK',1,'0'),(8,'Lee, Harper',1,'0'),(9,'God',2,'0'),(10,'Bronte, Emily',0,'0'),(11,'Orwell, George',0,'0'),(12,'Pullman, Philip',1,'0'),(13,'Dickens, Charles',0,'0'),(14,'Alcott, Louisa M',0,'0'),(15,'Hardy, Thomas',0,'0'),(16,'Heller, Joseph',0,'0'),(17,'Shakespeare, William',0,'0'),(18,'Dumas, Alexandre',0,'0'),(19,'Shute, Nevil',0,'0'),(20,'Toole, John Kennedy',0,'0'),(21,'Adams, Richard',1,'0'),(22,'Banks, Iain',1,'0'),(23,'De Saint-Exupery, Antoine',0,'0'),(24,'Conrad, Joseph',0,'0'),(25,'Blyton, Enid',0,'0'),(26,'Conan Doyle, Arthur',0,'0'),(27,'Albom, Mitch',1,'0'),(28,'White, EB',0,'0'),(29,'Mistry, Rohinton',1,'0'),(30,'Flaubert, Gustave',0,'0'),(31,'Ishiguro, Kazuo',1,'0'),(32,'Walker, Alice',1,'0'),(33,'Mitchell, David',1,'0'),(34,'Byatt, AS',1,'0'),(35,'Makepeace Thackeray, William',0,'0'),(36,'Ransome, Arthur',0,'0'),(37,'Plath, Sylvia',0,'0'),(38,'Joyce, James',0,'0'),(39,'Bryson, Bill',1,'0'),(40,'Hodgson Burnett, Frances',0,'0'),(41,'Stoker, Bram',0,'0'),(42,'Melville, Herman',0,'0'),(43,'Rushdie, Salman',1,'0'),(44,'Fielding, Helen',1,'0'),(45,'Kerouac, Jack',0,'0'),(46,'Sebold, Alice',1,'0'),(47,'Tartt, Donna',1,'0'),(48,'Nabokov, Vladimir',0,'0'),(49,'Steinbeck, John',0,'0'),(50,'Garcia Marquez, Gabriel',1,'0'),(51,'Haddon, Mark',1,'0'),(52,'Huxley, Aldous',0,'0'),(53,'Ruiz Zafon, Carlos',1,'0'),(54,'Seth, Vikram',1,'0'),(55,'Gibbons, Stella',0,'0'),(56,'Herbert, Frank',0,'0'),(57,'Martel, Yann',1,'0'),(58,'McEwan, Ian',1,'0'),(59,'Golding, William',0,'0'),(60,'Montgomery, LM',0,'0'),(61,'Collins, Wilkie',0,'0'),(62,'Irving, John',0,'0'),(63,'Brown, Dan',0,'0'),(64,'Milne, AA',0,'0'),(65,'Golden, Arthur',1,'0'),(66,'De Bernieres, Louis',1,'0'),(67,'Hosseini, Khaled',1,'0'),(68,'Lewis, CS',0,'0'),(69,'Tolstoy, Leo',0,'0'),(70,'Grahame, Kenneth',0,'0'),(71,'Carroll, Lewis',0,'0'),(72,'Dostoyevsky, Fyodor',0,'0'),(73,'Waugh, Evelyn',0,'0'),(74,'Adams, Douglas',0,'0'),(75,'Cornwell, Bernard',1,'0'),(76,'Smith, Wilbur',1,'0'),(77,'Jenkins, Geoffrey',0,'0'),(78,'Billingham, Mark',1,'0'),(79,'Tracy, PJ',1,'0'),(80,'Grassic Gibbon, Lewis',0,'0'),(81,'Ludlum, Robert',0,'0'),(82,'O\'Brian, Patrick',0,'0'),(83,'Eco, Umberto',1,'0'),(84,'Reynolds, Alistair',1,'0'),(85,'Fry, Stephen',1,'0'),(86,'Sansom, CJ',1,'0'),(87,'Thompson, James',1,'0'),(88,'Trotter, William R',1,'0'),(89,'Jenkins, Jerry',1,'0'),(90,'LaHaye, Tim',1,'0'),(91,'Clements, Jonathan',1,'0'),(92,'Rajaniemi, Hannu',1,'0'),(93,'Morris, Donald R',1,'0'),(94,'Joensuu, Matti',0,'0'),(95,'Faulks, Sebastian',1,'0'),(96,'Larsson, Steig',0,'0'),(97,'Forester, CS',0,'0'),(98,'Kermally, Pete',1,'0'),(99,'Smith, Roff',1,'0'),(100,'Fleming, Fergus',1,'0'),(101,'Rankin, Ian',1,'0'),(102,'McGregor, Jon',1,'0'),(103,'Kermode, Mark',1,'0'),(104,'Knecht, C. Bruce',1,'0'),(105,'Bourdain, Anthony',1,'0'),(106,'Horwitz, Tony',1,'0'),(107,'Coelho, Paulo',1,'0'),(108,'Obama, Barrack',1,'0'),(109,'Koontz, Dean',1,'0'),(110,'Bozza, Anthony',1,'0'),(111,'Howard, Robert E',0,'0'),(112,'Mandela, Nelson',1,'0'),(113,'Dawkins, Richard',1,'0'),(114,'Goodwin, Jo-Ann',1,'0'),(115,'Haggard, H Rider',0,'0'),(116,'Frank, Ann',0,'0'),(117,'Wilson,Trevor',1,'0'),(118,'Prior, Robin',1,'0'),(119,'Sharpe, Tom',1,'0'),(120,'Booth, Stephen',1,'0'),(121,'Hughes, Robert',1,'0'),(122,'Benchley, Peter',0,'0'),(123,'Garland, Alex',1,'0'),(124,'Banks, Iain M',1,'0'),(125,'Wharton, William',0,'0'),(126,'Kesey, Ken',0,'0'),(127,'Brookmyre, Christopher',1,'0'),(128,'McCarthy, Pete',0,'0'),(129,'Hawks, Tony',1,'0'),(130,'Salinger, JD',0,'0'),(131,'Du Maurier, Daphne',0,'0'),(132,'Hafner, Katie',1,'0'),(133,'Lyon, Matthew',1,'0'),(134,'Fitzgerald, F Scott',0,'0'),(135,'Mitchell, Margaret',0,'0'),(136,'Eliot, George',0,'0'),(137,'Niffenegger, Audrey',1,'0'),(138,'Peterson Haddix, Margaret',1,'0'),(139,'Bauby, Jean-Dominique',0,'0'),(140,'Peretti, Frank',1,'0'),(141,'Hiaasen, Carl',1,'0'),(142,'Clarke, Arthur C',0,'0'),(143,'O\'Brien, Robert C',0,'0'),(144,'Dann, Colin',1,'0'),(145,'Teran, Boston',1,'0'),(146,'Townsend, Sue',1,'0'),(147,'Hoban, Russell',1,'0'),(148,'Heinlein, Robert A',0,'0'),(149,'Williams, Tad',1,'0'),(150,'Arden, William',0,'0'),(151,'Arthur, Robert',0,'0'),(152,'Hitchcock, Alfred',0,'0'),(153,'Welsh, Irvine',1,'0'),(154,'Hogg, James',0,'0'),(155,'Gray, Alisdair',1,'0'),(156,'Slash',1,'0'),(157,'Atwood, Margaret',1,'0'),(158,'Johnson, Mendal W',1,'0'),(159,'Channel, AR',0,'0'),(160,'Zola, Emile',0,'0'),(161,'Lönnrot, Elias',0,'Wrote Kelevela'),(162,'McCourt, Frank',1,'0'),(163,'Thompson, EV',1,'0'),(164,'Nesbo, Jo',1,'0'),(165,'Reilly, Matthew',1,'0'),(166,'Baldacci, David',1,'0'),(167,'Erin Morgenstern',1,'0'),(168,'George RR Martin',1,'0'),(169,'Michael Ondaatje',NULL,'0'),(170,'Ashlee Vance',1,'0'),(171,'Markus Zusak',1,'0');
/*!40000 ALTER TABLE `authors` ENABLE KEYS */;
UNLOCK TABLES;

--
-- Table structure for table `categories`
--

DROP TABLE IF EXISTS `categories`;
/*!40101 SET @saved_cs_client     = @@character_set_client */;
/*!40101 SET character_set_client = utf8 */;
CREATE TABLE `categories` (
  `catID` int(11) NOT NULL AUTO_INCREMENT,
  `catName` varchar(200) NOT NULL,
  `comment` varchar(255) DEFAULT '0',
  PRIMARY KEY (`catID`)
) ENGINE=InnoDB DEFAULT CHARSET=utf8;
/*!40101 SET character_set_client = @saved_cs_client */;

--
-- Dumping data for table `categories`
--

LOCK TABLES `categories` WRITE;
/*!40000 ALTER TABLE `categories` DISABLE KEYS */;
/*!40000 ALTER TABLE `categories` ENABLE KEYS */;
UNLOCK TABLES;

--
-- Table structure for table `formats`
--

DROP TABLE IF EXISTS `formats`;
/*!40101 SET @saved_cs_client     = @@character_set_client */;
/*!40101 SET character_set_client = utf8 */;
CREATE TABLE `formats` (
  `formatID` int(11) NOT NULL AUTO_INCREMENT,
  `formatName` varchar(200) NOT NULL,
  `comment` varchar(255) DEFAULT '0',
  PRIMARY KEY (`formatID`)
) ENGINE=InnoDB DEFAULT CHARSET=utf8;
/*!40101 SET character_set_client = @saved_cs_client */;

--
-- Dumping data for table `formats`
--

LOCK TABLES `formats` WRITE;
/*!40000 ALTER TABLE `formats` DISABLE KEYS */;
/*!40000 ALTER TABLE `formats` ENABLE KEYS */;
UNLOCK TABLES;

--
-- Table structure for table `rel_title_author`
--

DROP TABLE IF EXISTS `rel_title_author`;
/*!40101 SET @saved_cs_client     = @@character_set_client */;
/*!40101 SET character_set_client = utf8 */;
CREATE TABLE `rel_title_author` (
  `titleID` int(11) NOT NULL DEFAULT '0',
  `authID` int(11) NOT NULL DEFAULT '0',
  `comment` varchar(255) DEFAULT '0',
  PRIMARY KEY (`titleID`,`authID`)
) ENGINE=InnoDB DEFAULT CHARSET=utf8;
/*!40101 SET character_set_client = @saved_cs_client */;

--
-- Dumping data for table `rel_title_author`
--

LOCK TABLES `rel_title_author` WRITE;
/*!40000 ALTER TABLE `rel_title_author` DISABLE KEYS */;
INSERT INTO `rel_title_author` VALUES (1,1,'0'),(2,4,'0'),(3,83,'0'),(4,2,'0'),(5,84,'0'),(6,84,'0'),(7,76,'0'),(8,76,'0'),(9,158,'0'),(10,77,'0'),(11,87,'0'),(12,77,'0'),(13,77,'0'),(14,77,'0'),(15,77,'0'),(16,76,'0'),(17,76,'0'),(18,86,'0'),(19,67,'0'),(20,86,'0'),(21,84,'0'),(22,84,'0'),(23,75,'0'),(24,86,'0'),(25,39,'0'),(26,85,'0'),(27,98,'0'),(28,87,'0'),(29,84,'0'),(30,88,'0'),(31,97,'0'),(32,84,'0'),(33,47,'0'),(34,75,'0'),(35,78,'0'),(36,78,'0'),(37,120,'0'),(38,76,'0'),(39,120,'0'),(40,76,'0'),(41,76,'0'),(42,79,'0'),(43,79,'0'),(44,79,'0'),(45,80,'0'),(46,82,'0'),(47,159,'0'),(48,75,'0'),(49,94,'0'),(50,86,'0'),(51,84,'0'),(52,84,'0'),(53,93,'0'),(54,94,'0'),(55,50,'0'),(56,67,'0'),(57,76,'0'),(58,77,'0'),(59,89,'0'),(60,85,'0'),(61,62,'0'),(62,84,'0'),(63,86,'0'),(64,76,'0'),(65,84,'0'),(66,84,'0'),(67,86,'0'),(68,96,'0'),(69,95,'0'),(70,91,'0'),(71,96,'0'),(72,92,'0'),(73,87,'0'),(74,86,'0'),(76,99,'0'),(77,2,'0'),(78,97,'0'),(79,62,'0'),(80,100,'0'),(81,96,'0'),(82,97,'0'),(83,101,'0'),(84,97,'0'),(85,97,'0'),(86,101,'0'),(87,76,'0'),(88,102,'0'),(89,103,'0'),(90,2,'0'),(91,97,'0'),(92,104,'0'),(93,63,'0'),(94,76,'0'),(95,105,'0'),(96,77,'0'),(97,106,'0'),(98,101,'0'),(98,113,'0'),(99,97,'0'),(100,107,'0'),(101,97,'0'),(102,106,'0'),(103,75,'0'),(104,75,'0'),(105,75,'0'),(106,39,'0'),(107,108,'0'),(108,109,'0'),(109,139,'0'),(110,109,'0'),(111,156,'0'),(112,39,'0'),(113,98,'0'),(114,97,'0'),(115,97,'0'),(116,97,'0'),(117,111,'0'),(118,112,'0'),(119,75,'0'),(120,113,'0'),(121,75,'0'),(122,75,'0'),(123,101,'0'),(124,75,'0'),(125,2,'0'),(126,75,'0'),(127,75,'0'),(128,75,'0'),(129,75,'0'),(130,75,'0'),(131,75,'0'),(132,75,'0'),(133,78,'0'),(134,114,'0'),(135,7,'0'),(136,75,'0'),(137,101,'0'),(138,75,'0'),(139,77,'0'),(140,75,'0'),(141,75,'0'),(142,75,'0'),(143,77,'0'),(144,115,'0'),(145,75,'0'),(146,82,'0'),(147,75,'0'),(148,82,'0'),(149,75,'0'),(150,75,'0'),(151,116,'0'),(152,75,'0'),(153,75,'0'),(154,82,'0'),(156,111,'0'),(157,117,'also with 118 as author'),(158,75,'0'),(160,78,'0'),(161,78,'0'),(162,75,'0'),(163,109,'0'),(164,119,'0'),(165,82,'0'),(166,2,'0'),(167,82,'0'),(168,119,'0'),(169,82,'0'),(170,76,'0'),(171,119,'0'),(172,7,'0'),(173,82,'0'),(174,120,'0'),(175,78,'0'),(176,75,'0'),(177,119,'0'),(178,121,'0'),(179,39,'0'),(180,119,'0'),(181,82,'0'),(182,82,'0'),(183,82,'0'),(184,120,'0'),(185,119,'0'),(186,82,'0'),(187,82,'0'),(188,82,'0'),(189,82,'0'),(190,82,'0'),(191,82,'0'),(192,109,'0'),(193,122,'0'),(194,120,'0'),(195,123,'0'),(196,82,'0'),(197,82,'0'),(198,82,'0'),(199,3,'0'),(200,5,'0'),(201,6,'0'),(202,8,'0'),(203,9,'0'),(204,10,'0'),(205,11,'0'),(206,12,'0'),(207,13,'0'),(208,14,'0'),(209,15,'0'),(210,16,'0'),(211,17,'0'),(212,131,'0'),(213,5,'0'),(215,130,'0'),(216,137,'0'),(217,136,'0'),(218,135,'0'),(219,134,'0'),(220,13,'0'),(221,69,'0'),(222,74,'0'),(223,73,'0'),(224,72,'0'),(225,49,'0'),(226,71,'0'),(227,70,'0'),(228,69,'0'),(229,13,'0'),(230,68,'0'),(231,3,'0'),(232,3,'0'),(233,68,'0'),(234,17,'0'),(235,66,'0'),(236,65,'0'),(237,64,'0'),(238,11,'0'),(239,63,'0'),(240,50,'0'),(241,62,'0'),(242,61,'0'),(243,60,'0'),(244,15,'0'),(245,59,'0'),(246,157,'0'),(247,58,'0'),(248,57,'0'),(249,56,'0'),(250,55,'0'),(251,3,'0'),(252,54,'0'),(253,53,'0'),(254,13,'0'),(255,52,'0'),(256,51,'0'),(258,49,'0'),(259,48,'0'),(260,47,'0'),(261,46,'0'),(262,18,'0'),(263,45,'0'),(264,15,'0'),(265,44,'0'),(266,43,'0'),(267,42,'0'),(268,13,'0'),(269,41,'0'),(270,40,'0'),(271,39,'0'),(272,38,'0'),(273,37,'0'),(274,36,'0'),(275,160,'0'),(276,35,'0'),(277,34,'0'),(278,13,'0'),(279,33,'0'),(280,32,'0'),(281,31,'0'),(282,30,'0'),(283,29,'0'),(284,28,'0'),(285,27,'0'),(286,26,'0'),(287,25,'0'),(288,24,'0'),(289,23,'0'),(290,22,'0'),(291,21,'0'),(292,20,'0'),(293,19,'0'),(294,18,'0'),(296,124,'0'),(297,124,'0'),(298,124,'0'),(299,124,'0'),(300,124,'0'),(301,124,'0'),(302,124,'0'),(303,124,'0'),(304,124,'0'),(305,22,'0'),(307,22,'0'),(308,101,'0'),(309,101,'0'),(310,101,'0'),(311,101,'0'),(312,101,'0'),(313,101,'0'),(314,101,'0'),(315,101,'0'),(316,101,'0'),(317,101,'0'),(318,101,'0'),(319,101,'0'),(320,101,'0'),(321,101,'0'),(322,101,'0'),(323,101,'0'),(324,101,'0'),(325,101,'0'),(326,101,'0'),(327,101,'0'),(328,2,'0'),(329,2,'0'),(330,2,'0'),(331,2,'0'),(332,2,'0'),(333,2,'0'),(334,2,'0'),(335,2,'0'),(336,2,'0'),(337,2,'0'),(338,2,'0'),(339,2,'0'),(340,2,'0'),(341,2,'0'),(342,2,'0'),(343,2,'0'),(344,2,'0'),(345,2,'0'),(346,2,'0'),(347,2,'0'),(348,2,'0'),(349,2,'0'),(350,2,'0'),(351,2,'0'),(352,2,'0'),(353,2,'0'),(354,2,'0'),(355,125,'0'),(356,125,'0'),(357,126,'0'),(360,15,'0'),(361,15,'0'),(363,76,'0'),(364,76,'0'),(365,120,'0'),(366,120,'0'),(367,120,'0'),(368,127,'0'),(369,114,'0'),(370,133,'With Katie Hafner author'),(371,128,'0'),(372,129,'0'),(373,7,'0'),(374,7,'0'),(375,7,'0'),(376,7,'0'),(377,7,'0'),(378,63,'0'),(380,63,'0'),(381,63,'0'),(382,138,'0'),(383,78,'0'),(384,79,'0'),(385,140,'0'),(386,140,'0'),(387,140,'0'),(388,74,'0'),(389,74,'0'),(390,141,'0'),(391,68,'0'),(392,68,'0'),(393,68,'0'),(394,68,'0'),(395,68,'0'),(396,68,'0'),(397,152,'0'),(398,142,'0'),(399,142,'0'),(400,149,'0'),(401,155,'0'),(402,11,'0'),(403,154,'0'),(404,153,'0'),(405,153,'0'),(406,148,'0'),(407,147,'0'),(408,146,'0'),(409,145,'0'),(410,144,'0'),(411,143,'0'),(412,161,'0'),(413,162,'0'),(414,82,'This is the O\'Brien book called the Commodore'),(415,75,'0'),(416,2,'0'),(417,129,'0'),(418,140,'0'),(419,75,'0'),(420,163,'0'),(421,84,'0'),(422,164,'0'),(423,166,'0'),(424,165,'0'),(425,75,'0'),(426,101,'0'),(427,167,'0'),(428,168,'0'),(429,169,'0'),(430,168,'0'),(431,75,'0'),(432,84,'0'),(433,170,'0'),(434,171,'0');
/*!40000 ALTER TABLE `rel_title_author` ENABLE KEYS */;
UNLOCK TABLES;

--
-- Table structure for table `series`
--

DROP TABLE IF EXISTS `series`;
/*!40101 SET @saved_cs_client     = @@character_set_client */;
/*!40101 SET character_set_client = utf8 */;
CREATE TABLE `series` (
  `seriesID` int(11) NOT NULL AUTO_INCREMENT,
  `seriesName` varchar(200) NOT NULL,
  `booksInSeries` int(11) DEFAULT NULL,
  `IsSeriesComplete` int(11) DEFAULT NULL,
  `comment` varchar(255) DEFAULT '0',
  PRIMARY KEY (`seriesID`)
) ENGINE=InnoDB AUTO_INCREMENT=2 DEFAULT CHARSET=utf8;
/*!40101 SET character_set_client = @saved_cs_client */;

--
-- Dumping data for table `series`
--

LOCK TABLES `series` WRITE;
/*!40000 ALTER TABLE `series` DISABLE KEYS */;
INSERT INTO `series` VALUES (1,'AubreyAndMaturin',21,1,'Still need to read the last one. Unfinished voyage..');
/*!40000 ALTER TABLE `series` ENABLE KEYS */;
UNLOCK TABLES;

--
-- Table structure for table `titles`
--

DROP TABLE IF EXISTS `titles`;
/*!40101 SET @saved_cs_client     = @@character_set_client */;
/*!40101 SET character_set_client = utf8 */;
CREATE TABLE `titles` (
  `titleID` int(11) NOT NULL AUTO_INCREMENT,
  `title` varchar(200) NOT NULL,
  `seriesID` int(11) DEFAULT '0',
  `numberInSeries` int(11) DEFAULT '0',
  `alreadyRead` int(11) DEFAULT '0',
  `ownedByMe` int(11) DEFAULT '0',
  `priorityOfReading` int(11) DEFAULT '0',
  `inTop100` int(11) DEFAULT '0',
  `yearRead` int(11) DEFAULT '0',
  `monthRead` int(11) DEFAULT '0',
  `pages` int(11) DEFAULT '0',
  `comment` varchar(2550) DEFAULT '0',
  PRIMARY KEY (`titleID`)
) ENGINE=InnoDB AUTO_INCREMENT=435 DEFAULT CHARSET=utf8;
/*!40101 SET character_set_client = @saved_cs_client */;

--
-- Dumping data for table `titles`
--

LOCK TABLES `titles` WRITE;
/*!40000 ALTER TABLE `titles` DISABLE KEYS */;
INSERT INTO `titles` VALUES (1,'Les Miserables',0,0,0,0,0,100,0,0,0,'0'),(2,'Charlie and the Chocolate Factory',0,0,0,0,0,99,0,0,0,'0'),(3,'Foucault\'s Pendulum',0,0,0,0,17,0,0,0,0,'test comment\r'),(4,'The Long Earth',0,0,1,0,0,0,2012,7,0,'Well.. it was ok, but nothing mind blowing. It was quite childishly written and it\'s obviously the start of a series. think I\'ll leave it. Twas all about people \'stepping\' to millions of parallel worlds.'),(5,'Terminal World',0,0,0,0,15,0,0,0,0,'0\r'),(6,'Century Rain',0,0,0,0,13,0,0,0,0,'0\r'),(7,'Golden Fox',0,0,1,0,0,0,2006,7,0,'Crap. Rubbish. I stopped this book after 100 pages. Self indulgent dialogue about vacuous 2D upper class toffs(Jul06)'),(8,'Birds of Prey',0,0,0,0,0,0,0,0,0,'test comment\r'),(9,'Let\'s Go Play at the Adams',0,0,0,0,0,0,0,0,0,'horror classic\r'),(10,'A Hive of Dead Men',0,0,0,0,0,0,0,0,0,'test comment\r'),(11,'Lucifer\'s Tears',0,0,1,0,0,0,2012,3,0,'This was a good read. The author sometimes stretches the dialog a bit .. giving thinly veiled lectures on The Winter War, Mannerheim and the Finnish language and culture translation into English is a bit clunky sometimes but maybe that\'s just because all of this is old ground to me. Quite funny that he describes a birth at Naistenklinnikka exactly where Sampo was born :P (Mar12)'),(12,'In Harm\'s Way',0,0,0,0,0,0,0,0,0,'test comment\r'),(13,'Hold Down a Shadow',0,0,0,0,0,0,0,0,0,'test comment\r'),(14,'A Ravel of Waters',0,0,0,0,0,0,0,0,0,'test comment\r'),(15,'Fireprint',0,0,0,0,0,0,0,0,0,'test comment\r'),(16,'Monsoon',0,0,0,0,0,0,0,0,0,'test comment\r'),(17,'Assegai',0,0,0,0,0,0,0,0,0,'test comment\r'),(18,'Sovereign',0,0,1,0,0,0,2012,3,0,'(3/5) Very good again. Shardlake, the hunchback lawer, is tasked to go up to York to meet with King Henry VIII\'s \'Progress\' (a massive procession to show the king\'s power to the northern papist rebels). Pretty action packed with an emphasis on imprisonment for those that oppose the king. Shardlake is tortured in the tower of London .. quie good, gritty description (Mar12)'),(19,'The Kite Runner',0,0,1,0,0,37,2011,11,0,'Ipad2 book. Fantastically written, emotional, perfect plot arc beautifully and naturally brought to a satisfying conclusion. must read for anyone with a heart. The focus at the end of the book is a small helpless child (Sohrab) who tugs at the heart strings and is a lovely character. I was reading this in hospital when our first baby was born and the mixture of emotions made this book very special. I will read more from this author. (Nov11)'),(20,'Dark Fire',0,0,1,0,0,0,2011,11,0,'(2/5) Reall nice to read these detective stories set in 1540s. All the historical elements are very well included (for example the idea that all elements are made of earth, water, fire and air) and the action is exciting. The hunchback lawyer is a master stroke of characterization.. very well written.. looking forward to the next books in this series. (11.11.11)'),(21,'House of Suns',0,0,0,0,12,0,0,0,0,'Standalone. Might have this at home\r'),(22,'Galactic North',0,0,1,0,0,0,2012,6,0,'8 short stories about Felka, Clavain, Worms, All tied together. Well worth the read'),(23,'The Burning Land',0,0,1,0,0,0,2011,10,0,' (Saxon Stories 5/6) Excellent again. Historical fiction with plenty of action, battles and blood and guts. The Danes are invading \'England\' and Uthred is a Alfred\'s warlord commanding piecemeal armies to stop them (Oct11)'),(24,'Dissolution',0,0,1,0,0,0,2011,9,0,'(1/5) Very good story. Very similar to The Name of The Rose. Hunchback Shardlake is sent from Cromwell to investigate a death at a monastary. I\'ll probably read this whole series (Sept11)'),(25,'At Home',0,0,1,0,0,0,2011,9,0,'Excellent. Well written. Each chapter is loosely connected to each room in his house. Full of really interesting details from history (Sept11))'),(26,'Moab is my Washpot',0,0,1,0,0,0,2012,11,0,'Excellent autobiography of Stephen Fry\'s first 20 years. Very well written and heart wrenching.. his life was quite ordinary but at the same time extraordinary.'),(27,'Waiting for the Punchline',0,0,1,0,0,0,2010,11,0,'My review on Amazon: Pete Kermally is a modern Tom Sharpe, writing with a real understanding of the London comedy circuit and creating set pieces that would make Wilt proud to have staggered through. A very funny story with some unexpected twists and a few very poigniant moments of deep feeling for the characters. \'Waiting for the Punchline\' is as funny as his last set of stories \'Entwined\' so hopefully we\'ll see a whole series of good reads from Kermally. Note: your workmates will start to get irritated after about the 4th or 5th retelling of some of the stand-up oneliners from this book :P'),(28,'Snow Angels',0,0,1,0,0,0,2012,2,0,'1/3 Finland based crime novels. I enjoyed this very much. Quite a nuts and bolts crime thriller but it was set in Kittila and Levi in the middle of kaamos and so I had the vested interest in reading English language crime thriller set in Finland (which describes the book that is currently slowly developing inside me). I\'ll read the other 2 in the series. Quick read (Feb12)'),(29,'The Prefect',0,0,1,0,0,0,2012,2,0,'(5/5 Revelation Space books) Stunning part 5 of this series. The \"Prefects\" are the space security police with the responsibility of looking after a massive planet and the \'Glitterband\' ring of 10000 orbiting habitats. A mass murder of one of the habitats triggers an epic space opera including lots of bad guys and a couple of excellent super baddies! Some new technologies (Whiphounds... personal police weapons) and some very touching setpieces and twists. The beheading (and then re-attachment) of the \'head\' prefect matriarch figure to save her from the Clockmaker\'s attached Scarab timebomb device is genius. (Feb12)'),(30,'The Winter War',0,0,0,0,0,0,2012,9,0,'Stunning. Well written book which explains, documents and discusses the 1939-1940 Winter War between Russia and Finland. It also clears up the history around Finland\'s alliance with Germany during the 2nd World War. This book should be re-read every few years as it swells with Finnish spirit and sisu (Sept12)'),(31,'Hornblower and the Crisis',0,0,1,0,0,0,2010,12,0,'(unfinished +2 short stories) The last 3 stories of the excellent Hornblower series. Crisis is about Horblower aquiring Napoleon\'s signature and then planning to use it to send French ships in towards the battle of Trafalgar. Forester died while writing this but his notes give an idea of how it will end. The other 2 short stories were about an Irish rebel trying to send secret documents in a chest back to Ireland and the other story about a \'mad man\' claiming to be Napoleon turning up at Hornblower\'s door, who we later find out to be Napoleon III on his way to France. Hornblower == excellent series. (Dec10)'),(32,'Redemption Ark',0,0,1,0,0,0,2011,8,0,'(3/5 Revelation Space books) These books are getting better and better. The wolves/inhibitors are about to wipe out humanity culling any intelligent life before it gets too far into space. Various parties are trying to get control of a collection of \"Hell class\" weapons to mount a defense against the wolves (Aug11)'),(33,'The Secret History',0,0,0,0,8,63,0,0,0,'0'),(34,'Vagabond',0,0,1,0,0,0,2011,2,0,'(Grail 2/3) Good fast story, including battles in France and Thomas being questioned by the inquisition about his knowledge as to where the Holy Grail is. Straight onto no3 now... (Feb11)'),(35,'Buried',0,0,0,0,0,0,0,0,0,'test comment\r'),(36,'Lazy Bones',0,0,0,0,0,0,0,0,0,'test comment\r'),(37,'Scared to Live',0,0,0,0,0,0,0,0,0,'test comment\r'),(38,'When the Lion Feeds',0,0,0,0,0,0,0,0,0,'test comment\r'),(39,'Dying to Sin',0,0,0,0,0,0,0,0,0,'test comment\r'),(40,'The Sound of Thunder',0,0,0,0,0,0,0,0,0,'test comment\r'),(41,'A Sparrow Falls',0,0,0,0,0,0,0,0,0,'test comment\r'),(42,'Snow Blind',0,0,0,0,0,0,0,0,0,'test comment\r'),(43,'Live Bait',0,0,0,0,0,0,0,0,0,'test comment\r'),(44,'Dead Run',0,0,0,0,0,0,0,0,0,'test comment\r'),(45,'Sunset Song',0,0,0,0,0,0,0,0,0,'test comment\r'),(46,'The Final, Unfinished Voyage of Jack Aubrey',0,0,0,0,0,0,0,0,0,'test comment\r'),(47,'The Phantom Patrol',0,0,1,0,0,0,2012,4,0,'Found this out-of-print book from 1940 on Australian ebay. My Dad has talked about it for years as a favourite. Set in Finnish Lapland at the outbreak of the 1939 Winter War when Petsamo was over run by Russia. Really nice to read as a \'boy\'s own\' scout story as a group of Finns. Lapps and an English teenager disrupt Russian arny attempts by destoyign railway bridges, rescuing prisoners and other \'heroic acts\'. The whole book is written with with an 2d anti-Russia pro-stiff-upper-lip and the Finns are characterised as stoic underdogs bathed in ancestral culture.. wonderful stuff! (Apr12)'),(48,'Death of Kings',0,0,1,0,0,0,2012,2,0,'(Saxon Stories 6/6) Excellent again. Alfred dies and leaves the country at war with the Danes about to launch a full scall attack. Uhtred is getting a bit older but still leads Saxon armies against the Danes. I think there will be another in this series (Feb12)'),(49,'To Steal Her Love',0,0,1,0,0,0,2011,7,0,'Not as good as Priest of Evil but still readable for a summer pageturner (Jul11)'),(50,'Chasm City',0,0,1,0,0,0,2011,7,0,'(2/5 Revelation Space books) 1st Ipad2 book. Excellent stand alone story from the \'Revelation Space\' series. I finished this and started Redemption Ark immediatly. Reynolds is intelligent, non-patronising and really makes you think about what you are reading.. and these space operas are still action packed and witty. Loving them! (Jul11)'),(51,'Blue Remembered Earth',0,0,1,0,0,0,2012,10,0,'Excellent. First of Reynolds new trilogy. Geoffrey lives in Africa nad is about to experiment with mind joining with elphants. He is caught up in his space travel, aquatic cities and a discovery about his dead grandmother who lived in a space habitat for all her life.. or so he believes. Looking forward to the next books in this series.... (Oct12)'),(52,'Diamond Dogs, Turquoise Days',0,0,1,0,0,0,2012,4,0,'2 novellas set in the Revelation Space universe. Diamond Dogs was a very nice compact gothic tale which uses the film \'Cube\' as source. Very nicely done. Turquise Days is set on a \'Juggler\' world where the sea is full of semi-intelligent organisms and humans swim with them to communicate. A kind of set piece story about a key species in Revelation Space. Very good again. (Apr12)'),(53,'The Washing Of The Spears: The Rise and Fall of the Zulu Nation Under Shaka',0,0,1,0,0,0,2011,8,0,'Very interesting and easy to read, although I lost interest after Shaka\'s death (about 150 pages in). The book is a massive endevour.. only for those *really* interested in the exaustive history of the Zulus. (Aug11)'),(54,'Priest of Evil',0,0,1,0,0,0,2011,6,0,'Decent crime story. Really refreshing to read a book set in Helsinki, so I could picture all the scenes. Will probably read more of this author (Jun11)'),(55,'Love In The Time Of Cholera',0,0,1,0,0,60,2011,6,0,'Lovely story about a man\'s love for a woman from early childhood to old age set in some fictional Carribean location. Very atmospheric and a few truelly beautifully described moments. Lots of various love affairs, noteably the woman who liked to suck different dummy tits and the mad woman from an institution :) (Jun11)'),(56,'A Thousand Splendid Suns',0,0,1,0,0,0,2012,4,0,'Very well written story focussing on the treatment of women, and the refugee status of many Afghanistans, in Kabul as power is transferred from governments to local warlords to Taliban and back to warlords. Emotionally wrenching and graphically written. I love books of this quality. (Apr12)'),(57,'Rage',0,0,1,0,0,0,2010,11,0,'Excellent, long, epic story about the rise of black opposition to apartheid in South Africa.. Told from the point of view of Afrikaaners, various tribes and factions. Nice that actual historical figures and events are mingled in (eg. Nelson Mandela is a character in this fictional story). (Nov 2010)'),(58,'The Unripe Gold',0,0,0,0,0,0,0,0,0,'test comment\r'),(59,'Left Behind',0,0,1,0,0,0,2012,1,0,'This is from the same writing stable as Dan Brown/DaVinciCode. 2D characters who all talk in over-dramatic Americanised statements. I do like the idea of using the book of Revelation as a structure for a whole series of books. This first book describes all the Christians (and kids under 12, babies and unborn children) suddenly vanishing in the rapture when Christ takes them to heaven. A world leader starts to appear and gain power (will become the Antichrist in later books) (Jan12)'),(60,'The Fry Chronicles',0,0,1,0,0,0,2012,1,0,'Excellent and intimate autobiography covering Stephen Fry\'s 20th-30th years, and (briefly) his childhood. Some very revealing and funny stuff. Lots of dtails about Cambridge that I loved having lived in Cambridge and Paula having been a student in it\'s hallowed halls. (Jan12)'),(61,'Setting Free the Bears',0,0,1,0,0,0,2010,12,0,'Very good first book. Strange literary mix of farce, epic storytelling, whimsical descriptive moments and the Nazi invasion of Austria (Dec2010)'),(62,'Revelation Space',0,0,1,0,0,0,2011,6,0,'(1/5 Revelation Space books) Stunning space opera spanning time, space, civilizations and also packed with action. I\'ve already downloaded Chasm City for as my first Ipad2 book (Jun11)'),(63,'Heartstone',0,0,1,0,0,0,2013,2,0,'Excellent as always. This time the Queen wants Shardlake to investigate something down near Portsmouth when the Frnech are invading England. He is on the Mary Rose when it sinks. A really good \'historical fiction\' note there. Roll on the 6th book! (Feb13)'),(64,'A Time to Die',0,0,1,0,0,0,2011,2,0,'(next Courtney after Rage) More actionpacked than usual. Sean Courtney is a seasoned hunter leading a rich guy and his daughter hunting the last old elephant in Africa. Then they get caught up in a guerilla war which involves russian hind helicopters. Good chases and African description. (Feb11)'),(65,'Pushing Ice',0,0,1,0,0,0,2011,3,0,'Excellent, epic sci-fi. An ice-drilling ship (Rockhopper) is sent to follow Janus (a moon of Jupiter) which has suddenly woken up and started to leave the solar system under some unknown power. They get stuck on it and end up millions of years in the future, with various alien races (Fountainheads/Musk Dogs) in a massive \'tube\' cage. Will definately read Alistair Reynolds 6 book series. (Mar2011)'),(66,'Absolution Gap',0,0,1,0,0,0,2011,12,0,'(4/5 Revelation Space books) Excellent again. This series is fantastic. Plenty of twists and excellent new technologies and ideas to stretch your mind and imagination. Also action and set pieces are done brilliantly. Apparently this is the best of the 5 books. Let\'s see when I read the last one! (Dec11 (New Year\'s Eve!))'),(67,'Revelation',0,0,1,0,0,0,2012,6,0,'Excellent again. Shardlake is a very 3 dimensional antihero. the story concerns him catching a seriel killer that is using the \'7 deadly vials\' in the book of Revelation as a template.'),(68,'The Girl Who Played with Fire',0,0,1,0,0,0,2010,10,0,'Nicely written again. The first book was like a \'locked room\' murder mystery on the island. This was more like a police procedural with various action set pieces. I like the writing style (of the English version anyway :) and the non-patronising tone of the narrator. Dan Brown should take note. (Oct 2010)'),(69,'Birdsong',0,0,1,0,0,17,2011,3,0,'Excellent story of a soldier in WorldWar1 in the trenches at the Somme. The story jumps 1914 - 1978 - 1918 and was very well written. I read this on holiday in Mauritius. One of the \'top 100\' that I intend to slowly plough through (Mar11)'),(70,'Mannerheim: President, Soldier, Spy',0,0,1,0,0,0,2011,12,0,'Fantastic biography. Well written with attention to detail balanced with pace and plenty of informative maps and photographs of Mannerheim\'s life. I read this book as Finland was celebrating Independence Day when Mannerheim is remembered for taking the reins to defend Finland\'s new autonomy against red-russia after the 1917 uprising. He also led the 1940 winter war to stop Russia taking Finnish territory (which is a magnificent piece of Finnish history). I should reread this book every 5 years or so. (Dec11)'),(71,'The Girl Who Kicked the Hornets\' Nest',0,0,1,0,0,0,2010,12,0,'Very good conclusion to the Millenium trilogy and all the ends were tied up, although there was something \'dull\' about it. Larsson was very careful to make all the relationships realistic and mature so there was some \'childishness\' lacking. Altogether well worth reading. (Dec2010)'),(72,'Quantum Thief',0,0,1,0,0,0,2011,11,0,'Jouni suggested. A little bit too hard core sci-fi for me. It was obviously well written and mostly very good with some excellent ideas, but I had to concentrate too much on following the new technologies and ideas. Too much sci-fi bang and not enough plot and action for me (Nov11)'),(73,'Helsinki White',0,0,0,0,5,0,0,0,0,'test comment\r'),(74,'Heretic',0,0,1,0,0,0,2011,2,0,'(Grail Quest 3/3) Good end to the trilogy. I\'m getting a bit jaded just because I\'ve read so much Bernhard Cornwell. I can now recognise his style of writing and even see how his plot arcs are going to resolve themselves. I think I\'ll give myself a break before reading another. (Feb11)'),(76,'Cold Beer and Crocodiles',0,0,1,0,0,0,2010,9,0,'Very nice diary of a guy cycling anti-clockwise round Australia. Nothing mind blowing.. just a good tale of kangaroos, motels, heat, sheep shearing, desert and a couple of hospital visits (Sept 10)'),(77,'Snuff',0,0,1,0,0,0,2011,11,0,'This was quite average for Pratchett. It was still very funny and gave that old \'warm feeling\' inside when reading it but there was nothing very new and inventive. A big part of the story relied on the same jokes you would find in Jeeves and Wooster and there was nothing particularly \'Discwoldy\' happening until 35% into it (I know this because my iPad deals in % not pages :P)(Nov11)'),(78,'Hornblower in the West Indies',0,0,1,0,0,0,2010,9,0,'Action packed from start to finish. First he intercepts a ship intending to free Napoleon from St Helena, lies on his honour that Boney is dead and then finds out that he is in fact dead. Brilliant twist. Disables and catches a fast slave ship by secretly putting a kind of sea anchor to the rudder before she sets off. Pirates catch him in Jamaica and take him to a cliff face. A young millionaire dupes everyone to allow him to sail into Venezuela and pretend to be Hornblower in the rebel war there. A hurricane hits the ship that Hornblower and Barbara are on and the ship nearly sinks in massive swelling seas and hurricane wind... excellent stuff!! (Sept2010)'),(79,'Last Night in Twisted River',0,0,1,0,0,0,2010,8,0,'Loved this. My first John Irving book but nopt the last. This is a long tale of a cook, his son (a writer) and his grandson who need to flee Twisted River when the writer son kills his father\'s lover thinking she is a bear :P The cooks long time friend Ketchum is the most heroic anti-hero.. excellent characters and some very funny set pieces. I ordered Irving\'s first book from the library.. here comes another book series for me! (Aug2010)'),(80,'Barrow\'s Boys',0,0,1,0,0,0,2010,8,0,'Excellently written account of all the expeditions to discover Antarctic, North West Passage, the source of the Nile, Timbuctoo, parts of Australia between 1816 and about 1850. John Barrow was the British Admiralty guy who sent all the explorers to their doom/fame. (Aug2010)'),(81,'The Girl with the Dragon Tattoo',0,0,1,0,0,0,2010,8,0,'Well plotted. Flawed in parts but worth reading.. maybe DaVinci Code for adults. I\'ve bought the other 2 in the trilogy (Aug10)'),(82,'Lord Hornblower',0,0,1,0,0,0,2010,8,0,'Hornblower is asked to deal with a ship of British mutineers near the coast of France. Then he takes control of a French port as the war ends and Napoleon is imprisoned on Elba. Napoleon escapes to Paris and Hornblower is captured in France. He is about to be executed when the Battle of Waterloo turns the tide for him and he is saved at the last gasp. Excellent story again! (Aug10)'),(83,'The Complaints',0,0,1,0,0,0,2010,7,0,'Very good debut of the new Rankin hero as an internal police investigator. Looking forward to the next ones (Jul10)'),(84,'Flying Colours',0,0,1,0,0,0,2010,6,0,'Good solid story. Starts with Hornblower escaping Frensh captives, holding up for a few months in a French sympathiser\'s home and excaping downriver with Bush and Brown to the safety of a British blockade ship. His court marshal goes well and he is made Comadore. His wife dies when he\'s in France and he marries Lady Barbara who has taken care of his son after Marie\'s death (Jun10)'),(85,'The Commodore',0,0,1,0,0,0,2010,7,0,'Excellent as always. Baltic sea, Finland, St Petersburg, defence of Riga with bomb vessels (Jul10)'),(86,'A Cool Head',0,0,1,0,0,0,2010,6,0,'This was a \'Quick Read\' (some get people reading drive in the Uk I guess). Nothing particularly special, like the draft of a few Rebus chapters cobbled together for a quick publish. (Jun10)'),(87,'Power of the Sword',0,0,1,0,0,0,2010,6,0,'620 pages so quite epic. Very good story spanning about 20 years from 1930 - 1940 in South Africa. Nelson Mandela and Hitler both turn up and the whole history of Appartheid and prejudice is given a very action packed workover. Excellent stuff although Wilbur Smith\'s obvious passion for hunting, hairy women and the upper class pursuits (polo, boxing, name dropping all the most expensive makers) still, and I hope will always, irritate the crap out of me. (Jun10)'),(88,'If Nobody Speaks of Remarkable Things',0,0,1,0,0,0,2010,5,0,'Everybody loved this book. It was shortlisted for prizes. I thought it was beautifully written and very poetic but the \'twist\' or climax was like a damp squib. Like Blair Witch Project. I had to google for 30 mins to actually find out what had happened.. had I missed something critical?. I hadn\'t. I\'ve read plenty books that have been magically and poetically written.. but they had plot too (May2010)'),(89,'Its only a movie',0,0,1,0,0,0,2010,3,0,'p34 was the first mention of The Excorcist. Anyone who listens to the podcasts will find this quite a surprising display of restraint. Book ws very funny and read just like a long joky conversation about his life. Maybe half of the points you\'ll know from the radio show.. plenty of interesting little extra stories and anecdotes (Mar10)'),(90,'Unseen Academicals',0,0,1,0,0,0,2010,3,0,'Brilliant. Clever. Subtle. Warm humoured. Unpatronising (take note Mr. Brown). Full of nods to the previous Discworld books. I\'m already gagging for the next installment (Mar10)'),(91,'A Ship of the Line',0,0,1,0,0,0,2010,3,0,'Hornblower is getting better and better. This book was full of action. Even the last 10 pages recounted a battle between Hornblowers ship and 4 French ships (which left him dismasted and surrendered). Bring on the next Hornblower I say! (Mar10)'),(92,'Proving Ground',0,0,1,0,0,0,2010,2,0,'Highly recommended to anyone. It\'s a true account of the 1998 Sydney-Hobart(Tasmania) boat race in which 5 men died and ships sank when weather conditions became rediculous. 50 foot waves etc. Scary stuff written in easy documentary style (Feb10)'),(93,'The Lost Symbol',0,0,1,0,0,0,2010,1,0,'Audiobook (unabridged) Even lazier and less inventive than the other 2 bestsellers. Ok for listening to at airports. I know a 6 year old that could produce more imaginative dialogue, action and suspense than this (Jan10)'),(94,'The Burning Shore',0,0,1,0,0,0,2010,1,0,'Excellent adventure story. Pure escapism with WW2 France and deepest Africa. I\'m hooked on Mr Smith now... embarking on the next in the (long) series.. (Jan10)'),(95,'Kitchen Confidential',0,0,1,0,0,0,2009,12,0,'Excellent account of Bourdain\'s life. Funny stories about all the jobs he\'s had over the years (Dec09)'),(96,'A Bridge of Magpies',0,0,1,0,0,0,2009,10,0,'Pretty shoddy story of some ex naval captain getting sent to Africa\'s West Coast for some secret old submarine mission. The author obviously has no experience of relationships between men and women because the romantic core story of this book is laughable. Although this book is marketed at adults it reads like a 12 year old boy wrote it. (Oct09)'),(97,'Blue Lattitudes',0,0,0,0,0,0,2009,8,0,'Fantastic way to read history. This is the story of Captain James Cook, told by Tony Horowitz as he retraces Cooks steps round the world with a traveling companion. It made the history really come alive because each (could have been dry/distant) account from Cook\'s travels are compared to the locations today with discussion and casual jokes/anecdotes. Well worth reading this! (Aug09)'),(98,'Open Doors',0,0,1,0,0,0,2009,7,0,'Not bad. Basically a Rebus book without Rebus :P Heist set in Edinburgh with a few nice touches.. decent holiday read but no big shakes (Jul09)'),(99,'The Happy Return (Beat to Quarters)',0,0,1,0,0,0,2009,6,0,'Again.. excellent story. First Hornblower helps El Supremo (mad Nicaraguan landowner who thinks he\'s God) to revolt against Spain (because they are allied with France). Furious battle with a ship Natividad which is bigger than Hornblowers. He falls in love with Lady Barbara Wellesley on the long Pacific voyage, but they part on \'formal\' terms after he gets guilty about his wife (Jun09)'),(100,'The Alchemist',0,0,1,0,0,0,2009,6,0,'Nice fable about a shepherd boy finding the meaning of life in a journey to the Egyptian Pyramids (Jun09)'),(101,'Hornblower and the Atropos',0,0,1,0,0,0,2009,6,0,'Excellent mixed adventure. First a well-described canalboat ride to London, then to organise Admiral Nelson\'s funeral (boat with Nelson\'s body nearly sinks!), then recover treasure from a sunken British ship in Turkish waters, manages to outwit and escape a Turkish trap and then Following Hornblower\'s delivery of the treasure, he helps capture a Spanish ship, the Castilla and does such a fine job, his ship (Atropos) attracts the notice of the King of Sicily, who requests and get\'s it to keep him happy. End of book is in England: both of his children mortally ill with smallpox (Jun09)'),(102,'One for the Road',0,0,1,0,0,0,0,5,0,'Very good Bill Brysonesque musings of a guy hitchhiking from Eastern Australia all the way through the centre and West then up to Darwin. Perfect holiday book (May09)'),(103,'The Sword Song',0,0,1,0,0,0,2009,5,0,' (Saxon Stories 4/4) Excellent again. Uhtred is in charge of keeping Lundene (900 London) safe in Saxon hands by Alfred (the Great). He just manages to do it after Alfred\'s daughter is taken by the Danes and Uhtred stages a rescue mission. I see that 5/5 of this series is out in hardback soon. (May09)'),(104,'The Lords of the North',0,0,1,0,0,0,2009,5,0,'(Saxon Stories 3/4) Uhtred takes Northumbria back and kills his childhood enemies. For 2 years he is a slave on a ship sailing between Denmark and Britain. Good actaion again and very bloody battles. Christianity is coming to Britain and Alfred is embracing it (May09)'),(105,'The Pale Horseman',0,0,1,0,0,0,2009,4,0,'(Saxon Stories 2/4) Uhtred is now 20 years old and in the prime of his fighting life. Wessex (England) is almost completely destroyed by invading Danes but Alfred survives in a marsh and calls all Saxons together for a last attempt battle against the Danes at the Battle of Ethandun. Uthred and the Saxons then (just) kick the Danes asses (Apr09)'),(106,'A Walk in the Woods',0,0,1,0,0,0,2009,3,0,'The Apalachian Trail through the eastern US. Very good light read with plenty of laughs. Would be a good holiday book (Mar09)'),(107,'Dreams from My Father',0,0,1,0,0,0,2009,3,0,'The story of Obama and his search to find out about his family. Parents, grandparents, tribe and ancestral heritage. I suppose the best outcome of reading this autobiography is that it shows that he\'s an intelligent, thoughtful, knowledgable man who has experienced a lot that will help him make decisions as president. Well worth the read (and no real politics :O) (Mar09)'),(108,'Odd Hours',0,0,1,0,0,0,2009,3,0,'Odd is in a place called Magic Beach thwarting some attempt to deliver nukes somewhere. It\'s all foggy and there are coyotes around. This was a dull and unplotted episode in an otherwise excellent series (Mar09)'),(109,'The Diving Bell and the Butterfly',0,0,1,0,0,0,2009,2,0,'Maybe I\'m hardening up in my old age but I read this book in a day and, although I do get that he transcribed it all with an eyelid and the imagery is all spot on for his unique situation, it didn\'t really move me much. There seemed too much romanticism about France which generally leaves me cold (Feb09)'),(110,'Brother Odd',0,0,1,0,0,0,2009,2,0,'Odd is now living in a monastery. Excellent story with apparitions monsters weird and wonderfullality. Roll on Odd Hours... (Feb09)'),(111,'Slash (Autobiography)',0,0,1,0,0,0,2009,2,0,'(Autobiography) How this guy is still breathing is a mystery to me. By the age of 20 he\'d pickled himself with drugs&drink. Very good read.. it ends with Velvet Revolver\'s Libertad album in 2007 (Feb09)'),(112,'A Short History of Nearly Everything',0,0,1,0,0,0,2008,12,0,'Fantastic popular science book. Very easy and fun to read and covers all the \'BIG\' questions about life on earth/how we got here/the Earth itself/chemistry/physics/fossils/darwin.. everything! (Dec08)'),(113,'Entwined',0,0,1,0,0,0,2008,11,0,'Excellent group of long&short stories about linked characters. A bit like Irvine Welsh meets Tom Sharpe (Nov08)'),(114,'Hornblower and the Hotspur',0,0,1,0,0,0,2008,9,0,'Starting to get to like Hornblower. He is a quietly calculating man and the books are written with his emotions and goals in mind. Some very nice descriptions of seafaring. I\'ll keep reading this series...(Sept08)'),(115,'Lieutenant Hornblower',0,0,1,0,0,0,2008,9,0,'(2/???)(Sept08)'),(116,'Mr Midshipman Hornblower',0,0,1,0,0,0,2008,9,0,'(1/???)(Sept08)'),(117,'Complete chronicles of Conan',0,0,1,0,0,0,2008,0,0,'Massive collection of stories. Gradually reading through them.'),(118,'A Long Walk to Freedom: The Autobiography of Nelson Mandela',0,0,1,0,0,0,2008,8,0,'Excellently written with plenty of smiles. Very sad moments throughout but thouroughly enjoyable. I\'d like to read some Afrikaaner/white version of event to find out how the oppressors justified apartheid (Aug08)'),(119,'The Last Kingdom',0,0,1,0,0,0,2008,6,0,'(Saxon Stories 1/4) Fantastic story. 9th Century Britain. Viking (Dane) invasion. Uhtred grows up with Danes and then returns to fight as a Saxon. Still to read 2-4 (Jun08)'),(120,'The God Delusion',0,0,1,0,0,0,2008,5,0,'Well structured and very interesting reasoning for why intelligent people can say they are athiests. Discussion of the existence of God, the bible, religion, evolution, morality and lots more. I would say that I agree with most of what Dawkins states here as it is mostly logical, common sense (May08)'),(121,'Sharpe\'s Devil',0,0,1,0,0,0,2008,3,0,'Last Sharpe book *sniff*. Captain-General Vivar is missing in Chile and his wife pays Sharpe to find him. Patrick Harper (now fat) goes to. Imprisoned Napoleon on St Helena gives Sharpe a picture to take to Chile. Admiral Cochrane, a Scottish Lord turned rebel seaman. Climactic battle at Valdivia against nasty General Bautista (mar08) #21'),(122,'Sharpe\'s Waterloo',0,0,1,0,0,0,2008,2,0,'There is so mush of the battle here that all other plot is pushed aside.. all good description of a horrible event. (Feb 08)'),(123,'Exit Music',0,0,1,0,0,0,2008,1,0,'The last Rebus book. Very good end to the series with a nice \'cliffhanger\' ending.. Cafferty being recussed by Rebus.. and we never know whether he dies or not. The story centres around the murder of a Russian poet visiting Edinburgh. (Jan07)'),(124,'Sharpe\'s Revenge',0,0,1,0,0,0,2008,1,0,'The \'revenge\' is against arch enemy Major Ducos (of the spectacles). Ducos frames Sharpe so that he will end up in prison after the war so Sharpe, Harper and Fredrickson escape and go to find Ducos and Napoleon\'s missing treasure. Good story with a few nice battles and Sharpe\'s woman (Jane) goes off with another man. (Jan08)'),(125,'Making Money',0,0,1,0,0,0,2007,12,0,'Good ole\' Terry Pratchett yarn. The metaphor this time is the introduction of paper money to Ankh Morpork. Still my favourite Christmas read :O) (Dec07)'),(126,'Sharpe\'s Siege',0,0,1,0,0,0,2007,11,0,'Nearly finished the series now.. for political reasons Sharpe finds himself under siege, trapped in a an old decaying fortress well behind French lines on the French coast. 200 men against 2000 Frenchmen. Not much ammo and very little chance of success. It get\'s very bloody and dirty... good ole\' Sharpie battle with Harper and Fredrickson at his side (Nov07) '),(127,'Excalibur',0,0,1,0,0,0,2007,11,0,'(Arthur 3/3) Excellent end to the trilogy. Some satisfying battles and the characterisation of Derfel, Arthur, Guinevere, Lancelot, Merlin, Nimue (Merlin\'s prodigy druid) are all done very well. I loved the ending SPOILER that left the fate of Arthur up to the reader. The format of the trilogy (that Derfel as an old man was writing the history as he remembered it) worked very well and added an extra dimension to the whole kerfuffle. Well done Mr Cornwell.. now I\'ll continue with the Sharpe series... (Nov07)'),(128,'Sharpe\'s Regiment',0,0,1,0,0,0,2007,10,0,'Set mostly in England, Sharpe must find the 2nd Battalion (the recruits for his men in Spain) who are being illegally syphened off to sell by dishonest officers. Nice story with a bit of action here and there but I much prefer when he\'s kicking Boney\'s @ss in Spain :O) (Oct07)'),(129,'Enemy of God',0,0,1,0,0,0,2007,10,0,' (Arthur 2/3) Again very impressive, with a few nice twists (Guenivere\'s alliance to Lancelot being the biggest). I\'m looking forward to the last in the trilogy (Excalibur) (Oct07)'),(130,'Sharpe\'s Honour',0,0,1,0,0,0,2007,9,0,'Sharpe duels, is accused of murder and therefore \'hanged\', rescues the \'golden whore\' from a mountaintop convent to clear his name. Comes back from the dead to fight the battle at Vitora, where Wellington surprises the overconfident French by blindsiding them with troops send over trecherous hills days before the battle. The French plunder (millions) is left to Spain/Britain as the French run back up to France. Enemy here were Major Ducos and \'El Maratife\' (the Slaughterer). Excellent read... 5 to go. (Sept07)'),(131,'Sharpe\'s Enemy',0,0,1,0,0,0,2007,8,0,'Proof of a good series of books=I started this 10 mins after finishing Sharpe\'s Sword :O) This is a fictional story based around rumours of groups of deserters from all sides (French, British, Portugese, Spanish) turning into roaming gangs. Hakeswill is the 2nd in command of one of these gangs and Sharpe ends up killing him (at last!) after Hakeswill kills Sharpe\'s wife Teresa (didn\'t see that coming.. a bit surprising and heart-renching). Sharpe also has prototype rockets to use in the battle.. nice battles again and an excellent image when Harper is secretly hidden in a French-taken fort and bursts out of a pile of skulls and bones to kick French derriere. Fantastic stuff! (Aug07)'),(132,'Sharpe\'s Sword',0,0,1,0,0,0,2007,8,0,'Excellent story of espionage.  Sharpe has to protect El Mirador (the central spoke of the British spy network) from the French Colonel Leroux. Sharpe takes a bullet and nearly dies, Harper makes him a sword and Wellington kick\'s Boney\'s backside in the battle of Battle of Salamanca by tricking him into thinking that the whole British army was only a few batallions (defeated an army of 40,000 men in 40 minutes). Excellent story as always. (Aug07)'),(133,'Death Message',0,0,1,0,0,0,2007,8,0,'This is the 7th DI Thorne book. Quite a standard police procedural with a few nice touches. Realistic description of a gay colleague and nchtclubs.. without the standard cynical stereotypes. Certainly a series worth reading but not groundbreaking at all. (Aug07)'),(134,'Sweet Gum',0,0,1,0,0,0,2007,7,0,'Loved this book. Eugene is a drug runner for the Faron Brothers (London drug mafia). Mal Shifter and his two ancient but randy aunts and 3 mute dogs. His sister works at SweetHearts lap-dancing club and has a devil-child: Nero. A killer is on the loose (The Meatman) (Portuagal Jul07)'),(135,'Harry Potter and the Deathly Hallows',0,0,1,0,0,0,2007,7,0,'Well.. a good ending to  the 7 book marathon. I got the book the first day it was released just because I wanted a book in Portugal. Lots of questions tied up about Snape/Dumbeldore and plenty of deaths. I\'ll not put any spoilers here until the book\'s been out for a while.'),(136,'Sharpe\'s Company',0,0,1,0,0,0,2007,7,0,'#13 Fantastic again. Sgt. Hakeswill\'s back after Sharpe and his baby son who is with Teresa in the massive fortress of Badajoz on the Spain/Portugal border (near Evora where I stayed in Portugal). (Jul07) '),(137,'The Naming of the Dead',0,0,1,0,0,0,2007,7,0,'G8 summit in Edinburgh Jul2005. Plenty of local references but for some reason I got a bit bored of Rankin\'s stereotypes. Niddrie=scum. Golf=posh. Broughty Ferry=retirement village. Politics/Cafferty/Edinburgh.. lots of action. (Jul07)'),(138,'Sharpe\'s Battle',0,0,1,0,0,0,2007,6,0,'Good story focussed on the 3 day battle at the small village of Fuentes de Onoro, 1811. Sharpe executes 2 French prisoners for rape and pillage and so makes an enemy of Brigadier Loup (The Wolf) (Jun07)'),(139,'The River of Diamonds',0,0,1,0,0,0,2007,5,0,'Very good action story with a nice original idea behind it. Guano island on top of a massive mysterious cave. A group of investors try to \'hoover\' diamonds from the sea floor off of the sw coast of Africa with a flat riglike vessel called the Mazy Zed. (May 07)'),(140,'The Winter King',0,0,1,0,0,0,2007,5,0,'(Arthur 1/3)Excellent telling of the Arthur legend with plenty memorable characters and places. Told in first person by one of Arthur\'s warriors (Derfel Cadarn). This story covers Arthur\'s marriage to Guinevere and the battles between British clans and with the invading Saxon hordes. Merlin is also included as the \'master druid\' who is looking for the 13 \'Treasures of Britain\'. Much description of the religions of the time (Christianity, Druidism and other polytheistic beliefs). Looking forward to the next 2 in the trilogy (May 07)'),(141,'Sharpe\'s Fury',0,0,1,0,0,0,2007,3,0,'Winter 1811, the war seems lost. All Spain has fallen to the French, except for Cádiz (Spanish capital). Spanish refuse to fight with British on hill south of Cadiz. Priest is blackmailing British with letters from Sir Arthur Wellesley’s brother Henry to a beautiful whore. This was Crornwell\'s 21st book in the series (newest to date but chronologically number 11 in the series) and some critics say that he\'s running out of fresh ideas. I agree that it\'s quite formulaic but I still love the fact/fiction/adventure mix and will keep reading the series (Mar07)'),(142,'Harlequin',0,0,1,0,0,0,2007,1,0,'(Grail Quest 1/3) Excellent writing.. very like the action in Sharpe but set much earlier. Good pace and excellent descriptions of the bloody battles. First of the Grail Quest trilogy (others are  Vagabond and Heretic) Middle of the fourteenth century,  start of the Hundred Years War. Thomas of Hookton leaves his native Dorset to fight aginst the French in Brittany and, afterwards, at the battle of Crecy. Archers are the most powerful unit of the English army against the French (Jan07)'),(143,'A Twist of Sand',0,0,1,0,0,0,2007,2,0,'Very good action yarn. WW2 submarine commander is the only one who knows the way into a hidden colcanic bay on the Skeleton Coast of Africa (Feb07)'),(144,'King Solomon\'s Mines',0,0,1,0,0,0,2007,1,0,'Listened to the podiobook from Libravox.org. Very atmospheric story told by Allan Quatermain of his journey into central africa with Sir Henry, and his friend Captain Good to find Henry\'s brother. Elephant hunt, mountain range called \"Sheba\'s Breasts\", Kukuanaland, \"white men from the stars\", massive war to overthrow King Twala the ruthless leader, Gagool the ancient witch hunter, pocketfuls of diamonds from the mines (Jan07)'),(145,'Sharpe\'s Escape',0,0,1,0,0,0,2006,12,0,'#10 Excellent again.. longer than usual. I\'m loving the historical detail Cornwell puts into these books. The battles and military detail are all fact and some of it is very harrowing. The British and their Portuguese allies see off the French assault at Bussaco ridge, Sharpe has a private feud with the criminal Ferragus, whom he pursues from the abandoned town of Coimbra (where he destroys his warehouse full of food which was to be sold to the French invaders against Wellington\'s scorched earth policy) back towards the massive defensive works which Wellington has ordered built at Torres Vedras... 2 massive 50 mile long lines of forts cutting off Lisbon and S. Portugal from the French advance. (Dec06)'),(146,'Blue at the Mizzen',0,0,1,0,0,0,2006,11,0,'#20 Last in the series. Storms while rounding Cape Horn. The book is packed with action - single ship actions against much heavier Spanish frigates, the siege of a fortified harbour, the capture of a pirate. Aubrey\'s efforts are under appreciated by the Chilean revolutionaries, who get bogged down in infighting and politics, and are slow and stingy with payment. At the very end Aubrey is promoted to Rear Admiral of the Blue, attached to the South African squadron of the Royal Navy, which serves as an excellent closure for the book and is also a convenient excuse for Aubrey to detach himself from Chilean politics and resume active service with the Royal Navy. I loved these books and will read them all again later in life. (Nov06)'),(147,'Sharpe\'s Gold',0,0,1,0,0,0,2006,11,0,'#9  I\'m enjoying Sharpe more and more. In this installment he\'s trying to get a great stash of Spanish gold from behind French lines back to Wellington to pay for a massive defensive wall (cutting Portugal off from the French invasion). The Spanish guerillas and the French also want the gold which is hidden in a graveyard under a dungheap which Harper dives in to retrieve it :O) I\'ve just ordered all 15 Sean Bean Sharpe DVDs from Ebay.. I suppose that shows how much I like the books. I\'ve also ordered 10 Geoffrey Jenkins books on Dad\'s recommendation... I remember the days when I used to read one book at a time :ODDD (Nov 06)'),(148,'The Hundred Days',0,0,1,0,0,0,2006,10,0,'Stephen\'s wife Diana (irritating 2D coquette) dies in a crash when Diana\'s rash driving overturns their coach. Diana\'s death leaves Stephen completely shattered, unwilling to eat or speak for long periods of time, but he pulls himself together to foil Napoleon\'s latest plot, an effort to raise gold from a sect of Arabs and finance his campaign. The ending chase of the Arab gold-carrying Xebec is, as always, very nicely done.(Oct 06)'),(149,'Sharpe\'s Eagle',0,0,1,0,0,0,2006,9,0,'#8 #8 Another top tale. Fighting the French. Notorious Spain-bashing: British allies are rag-tag infantry led by lazy peacocks for officers, including a real historical event where thousands of Spanish infantry are spooked by their own musket barrage! Not much subtlety, here. Sharpe steals one of Napoleon\'s eagle standards from the juggernaut French infantry.(Sept 06)'),(150,'Sharpe\'s Havoc',0,0,1,0,0,0,2006,9,0,'#7 Fighting the French in Portugal in 1809 (Peninsular Campaign). Woman=Kate Savage married to Enemy=Colonel Christopher of the Foreign Office, who is busy sneaking around behind enemy lines, trying to arrange for the surrender of British troops to the perfidious French and makes the mistake of stealing Richard Sharpe\'s telescope. Sharpe and Harper witness a horrific bridge collapse, defend a remote mountaintop fort and lead the way for a daring British invasion of a Portuguese seminary in Oporto (Sept06)'),(151,'The Diary of a Young Girl',0,0,1,0,0,0,2006,8,0,'I bought this book when Timo, Craig, Ed and I visited the Anne Frank house/museum in Amsterdam. Very interesting read from the historical/war perspective but also quite a good situation comedy/romance tale. She was typical teenage girl with all the boychasing, selfishness, moral questions that implies. Very sad that she died 3 months before her camp was liberated (Aug 06)'),(152,'Sharpe\'s Rifles',0,0,1,0,0,0,2006,8,0,'#6 Sharpe is in Spain retreating from the French who have overrun Spain and Portugal. His riflemen hate him and Harper, the Irish ringleader tries to kill him. The company gell as they help Spanish Major Don Blas Vivar recapture Santiago de Compostela, the holy city of St James, back from the French (Aug06)'),(153,'Sharpe\'s Prey',0,0,1,0,0,0,2006,7,0,'#5 Sharpe\'s in Copenhagen. The British want to capture (or destroy) the Danish fleet before Napoleon can grab it for the French and thus stop imports to Britain. Sharpe is in Copnhagen when the British bombardment begins.. and of course he\'s after a Danish girl this time!(Jul06)'),(154,'The Yellow Admiral',0,0,1,0,0,0,2006,8,0,'#18 Assigned to duty on the blockade of the French city of Brest, Peace breaks out. Jack\'s prospects for promotion to Rear Admiral are diminished - hence the name \'Yello Admiral\'. Sophie finds out about an affair Jack has and there is a fantastically sexist outcome. Jack tells her she\'s being stupid.. men are men and everyone backs him up. She eventually has a fling herself (to cure her frigidity) and everyone\'s happy :O) (Aug06)'),(156,'Eye of the Tiger',0,0,1,0,0,0,2006,7,0,'Very good yarn about sunken treasure. 2D adventure fun (Jul06)'),(157,'The First World War',0,0,1,0,0,0,2006,7,0,'Very good overview of the main events and details of The Great War. (Jul 06)'),(158,'Sharpe\'s Trafalgar',0,0,1,0,0,0,2006,6,0,'#4 Sharpe at sea! The writing is more kid\'s adventure than the Aubrey series but it\'s still a good pageturner. We meet Nelson face to face too (Jun06)'),(160,'Scaredy Cat',0,0,1,0,0,0,2006,6,0,'I really liked this book. Not sure why.. there was nothing really different or new here. Just struck a chord with a lot of the childhood memories and locations. (Jun 06)'),(161,'Lifeless',0,0,1,0,0,0,2006,6,0,'Thorne goes undercover as a homeless man in London. Very procedural. Well written and solid plot/characterisation.. still a bit lacking on the action front though (Jun 06)'),(162,'Sharpe\'s Fortress',0,0,1,0,0,0,2006,5,0,'#3 Siege of Gawilghur 1803. India again and Sharpe is helping Wellsley (Duke of Wellington) to oust the natives from a mountain fortress. Very good read again. These books are very fast paced and quick to read compared to the highly detailed Aubrey/Maturin books (May 06)'),(163,'Forever Odd',0,0,1,0,0,0,2006,4,0,'Excellent again. Odd Thomas was a very original and well written book and this sequel is very satisfying. No ranging subplots or distractions, just action led supernatural sluething with very strong characterisation. Odd Thomas is very logical and methodical when using his \'I see dead people\' gift. (Apr 06)'),(164,'The Midden',0,0,1,0,0,0,2006,4,0,'I\'m reading my last 3 Sharpe\'s in a row before returning all 6 to Juha in 2 weeks when I visit. Not Sharpe\'s best effort. All the same kinky farce elements are present but there\'s no really good characterisation. To quote \'poorvic\' (an Amazon.com reviewer) \"This book is really nothing more than nastiness without a real purpose to it; money and sales seem to be the motive behind it. The constant emphasis on lesbianism and sexual escapism (and i am not a prude) are simply crude and unamusing. Shame on you Mr Sharpe for descending from brilliance into mediocrity\".(Apr06)'),(165,'The Wine-Dark Sea',0,0,1,0,0,0,2006,3,0,'#16 Maturin loses a few toes while hiking up the Inca trails in the Peruvian Andes. Lots of battles, prizes and good banter. Aubrey gets a few bad wounds.. his eye is nearly taken out by a piece of shot.(Mar06)'),(166,'Thud',0,0,1,0,0,0,2006,2,0,'The dwarves and trolls fought at Koom Valley hundreds of years ago. Vimes has a new vampire girl in the watch and needs to read \'Where\'s my Cow?\' to his son at 6pm every evening. Great Pratchett story (Feb06)'),(167,'Clarissa Oaks',0,0,1,0,0,0,2006,1,0,'#15 An ex-working girl is saved from the Sydney penal colony and married on board - making the red-blooded men \'agitated\'. The ship sails northeast to a small island to help the native queen against her French-aided enemy. (Jan 06)   '),(168,'Indecent Exposure',0,0,1,0,0,0,2005,0,0,'Afrikaans Kommandant van Heerden, upper-class Britons, sexy psychiatrist Dr. von Blimenstein\'s aversion therapy, exploding ostriches. Good fun read as always (Dec 05)'),(169,'The Nutmeg of Consolation',0,0,1,0,0,0,2005,0,0,'#14 They go to the Australian penal colony at Botany Bay. O\'Brien used The Fatal Shore for his backgound so it was lovely to see the fictional characters interacting with the historical figures I\'ve read about 6 months ago. (Dec 05)'),(170,'The Triumph of the Sun',0,0,1,0,0,0,2005,12,0,'1884 Khartoum, Sudan. The British attempt to rescue the hundreds of British subjects stranded with Ryder Courtney, David Benbrook and his three daughters. The Madhi or \"Expected One\" attacks from the oposite bank of the Nile (Omdurman) (Dec 05)'),(171,'The Wilt Alternative',0,0,1,0,0,0,2005,0,0,'Wilt\'s wife takes in a German lodger who turns out to be an international terrorist (Oct 05)'),(172,'Harry Potter and the Half Blood Prince',0,0,1,0,0,0,2005,9,0,'The main characters are no longer particularly likeable. Hermoine\'s still a brat, Ron\'s a bully and Harry\'s now a very 2D \'leader of the pack\'. Rowling\'s writing has improved (scene-setting, plot) but her characterisation is way off the mark. I still enjoyed this fast read though. Roll on the final installment (Oct 05)'),(173,'The Thirteen Gun Salute',0,0,1,0,0,0,2005,9,0,'#13 Aubrey/Maturin take the \'Diane\' to the South China seas (Pulo Prabang) to negotiate with the Sultan against French envoys. Maturin climbs the Thousand Steps of the sacred crater of the orangutans, a killer typhoon catches Aubrey and his crew trying to work the Diane off a reef. Excellent as always (Oct 05)'),(174,'The Dead Place',0,0,1,0,0,0,2005,9,0,'He missed the mark completely with this one. Maybe 2 or 3 pages of decent writing. The rest is a mish mash of 2D stereotypes and random trivia and quotes cut \'n\' pasted from a Dummies Guide to Death. Let\'s hope the next one is better.'),(175,'Sleepy Head',0,0,1,0,0,0,2005,9,0,'Locked-In syndrome. \'Killer\' deliberately induces strokes using pressure points on the head and neck, rendering the victim completely unable to move or communicate.'),(176,'Sharpe\'s Tiger',0,0,1,0,0,0,2005,8,0,'1st Sharpe story. Storming the Tippoo\'s palace in Seringapatam (India) 1799.'),(177,'Ancestral Vices',0,0,1,0,0,0,2005,8,0,'Walden Yapp getting framed for the murder of a mad dwarf, adultery with the dwarf\'s simplton buxom wife and the Petrefact family\'s fetish factory. Funny stuff. (Aug05)'),(178,'The Fatal Shore',0,0,1,0,0,0,2005,7,0,'Very detailed (600pages) history of the convict transportation from Enland to Australia from 1788 onwards. Excellent reading to prepare me for my Oz holiday in Sept. (Jul 05)'),(179,'Down Under',0,0,1,0,0,0,2005,6,0,'Nice lightly funny travel tales of Bryson in Oz, to get me in the mood for my Oz hols in September. (Jun 04)'),(180,'Wilt In Nowhere',0,0,1,0,0,0,2005,0,0,'Not as funny as the other Sharpe books but worth a read anyhow. Wilt dissapears into the countryside while his wife takes his brattish kids to America to visit some rich relative. (Early 05)'),(181,'The Letter of Marque',0,0,1,0,0,0,2005,6,0,'#12 Jack (now struck off the naval list) commands the Surprise with Stephen as owner. Padeen gets addicted to (and dilutes)  Maturin\'s opium (Mid 05)'),(182,'The Far Side of the World',0,0,1,0,0,0,2005,0,0,'#10 (Early 05)'),(183,'The Reverse of the Medal',0,0,1,0,0,0,2005,0,0,'#11 (Early 05)'),(184,'One Last Breath',0,0,1,0,0,0,2005,0,0,'Summer, underground caves, holidaymakers, fugitive on the loose'),(185,'Wilt',0,0,1,0,0,0,2004,9,0,'Fantastically funny. Tech college, blow up doll, rampant feminist maneaters... and Wilt being questioned by the police. (Late 04)'),(186,'The Mauritius Command',0,0,1,0,0,0,2004,3,0,'#4 (Early 04)'),(187,'Desolation Island',0,0,1,0,0,0,2004,0,0,'#5 (Early 04)'),(188,'The Fortune of War',0,0,1,0,0,0,2004,0,0,'#6 (Early 04)'),(189,'The Surgeon\'s Mate',0,0,1,0,0,0,2004,0,0,'#7 (Mid 04)'),(190,'The Ionian Mission',0,0,1,0,0,0,2004,0,0,'#8 (Mid 04)'),(191,'Treason\'s Harbour',0,0,1,0,0,0,2004,0,0,'#9 (Late 04)'),(192,'Odd Thomas',0,0,1,0,0,0,2004,0,0,'0'),(193,'Jaws',0,0,1,0,0,0,2004,0,0,'0'),(194,'Blind to the Bones',0,0,1,0,0,0,2004,0,0,'Something about a tunnel out in the country.'),(195,'The Beach',0,0,1,0,0,0,2003,0,0,'Enjoyed it. Pre 2003'),(196,'Master and Commander',0,0,1,0,0,0,2003,0,0,'#1 First of the series. I loved it so much I bought the whole lot from Ebay (20books=£77). Aubrey and Maturin meet and sail in the \'Sophie\' for the first time. (Late 03)'),(197,'Post Captain',0,0,1,0,0,0,2003,0,0,'#2 (Late 03)'),(198,'HMS Surprise',0,0,1,0,0,0,2003,0,0,'#3 (Late 03)  '),(199,'Pride and Prejudice',0,0,0,0,0,1,0,0,0,'0'),(200,'The Lord of the Rings',0,0,1,0,0,2,2003,0,0,'0'),(201,'Jane Eyre',0,0,0,0,0,3,0,0,0,'0'),(202,'To Kill a Mockingbird',0,0,1,0,0,5,0,0,0,'Excellent book full of metaphors along the same lines as \'killing an innocent mockingbid for no reason'),(203,'The Bible',0,0,1,0,0,6,0,0,0,'0'),(204,'Wuthering Heights',0,0,0,0,0,7,0,0,0,'0'),(205,'Nineteen Eighty Four',0,0,1,0,0,8,0,0,0,'0'),(206,'His Dark Materials',0,0,1,0,0,9,0,0,0,'0'),(207,'Great Expectations',0,0,1,0,0,10,2003,0,0,'0'),(208,'Little Women',0,0,0,0,0,11,0,0,0,'0'),(209,'Tess of the D\'Urbervilles',0,0,1,0,0,12,2003,0,0,'0'),(210,'Catch 22',0,0,1,0,0,13,2003,0,0,'0'),(211,'Complete Works of Shakespeare',0,0,1,0,0,14,0,0,0,'0'),(212,'Rebecca',0,0,0,0,0,15,0,0,0,'0'),(213,'The Hobbit',0,0,1,0,0,16,2003,0,0,'0'),(215,'Catcher in the Rye',0,0,1,0,0,18,2003,0,0,'0'),(216,'The Time Traveller\'s Wife',0,0,0,0,0,19,0,0,0,'0'),(217,'Middlemarch',0,0,0,0,0,20,0,0,0,'0'),(218,'Gone With The Wind',0,0,0,0,0,21,0,0,0,'0'),(219,'The Great Gatsby',0,0,1,0,0,22,0,0,0,'0'),(220,'Bleak House',0,0,0,0,0,23,0,0,0,'0'),(221,'War and Peace',0,0,0,0,0,24,0,0,0,'0'),(222,'The Hitch Hiker\'s Guide to the Galaxy',0,0,1,0,0,25,2003,0,0,'0'),(223,'Brideshead Revisited',0,0,0,0,0,26,0,0,0,'0'),(224,'Crime and Punishment',0,0,1,0,0,27,0,0,0,'0'),(225,'Grapes of Wrath',0,0,0,0,0,28,0,0,0,'0'),(226,'Alice in Wonderland',0,0,0,0,0,29,0,0,0,'0'),(227,'The Wind in the Willows',0,0,0,0,0,30,0,0,0,'0'),(228,'Anna Karenina',0,0,0,0,0,31,0,0,0,'0'),(229,'David Copperfield',0,0,0,0,0,32,0,0,0,'0'),(230,'Chronicles of Narnia',0,0,1,0,0,33,0,0,0,'0'),(231,'Emma',0,0,0,0,0,34,0,0,0,'0'),(232,'Persuasion',0,0,0,0,0,35,0,0,0,'0'),(233,'The Lion, The Witch and The Wardrobe',0,0,1,0,0,36,2003,0,0,'0'),(234,'Hamlet',0,0,1,0,0,98,0,0,0,'0'),(235,'Captain Corelli\'s Mandolin',0,0,0,0,0,38,0,0,0,'0'),(236,'Memoirs of a Geisha',0,0,0,0,0,39,0,0,0,'0'),(237,'Winnie the Pooh',0,0,0,0,0,40,0,0,0,'0'),(238,'Animal Farm',0,0,1,0,0,41,0,0,0,'0'),(239,'The Da Vinci Code',0,0,1,0,0,42,2003,0,0,'0'),(240,'One Hundred Years of Solitude',0,0,0,0,0,43,0,0,0,'0'),(241,'A Prayer for Owen Meaney',0,0,0,0,0,44,0,0,0,'0'),(242,'The Woman in White',0,0,1,0,0,45,0,0,0,'0'),(243,'Anne of Green Gables',0,0,0,0,0,46,0,0,0,'0'),(244,'Far From The Madding Crowd',0,0,1,0,0,47,2003,0,0,'0'),(245,'Lord of the Flies',0,0,0,0,0,49,0,0,0,'0'),(246,'The Handmaid\'s Tale',0,0,0,0,0,48,0,0,0,'0'),(247,'Atonement',0,0,0,0,0,50,0,0,0,'0'),(248,'Life of Pi',0,0,0,0,0,51,0,0,0,'0'),(249,'Dune',0,0,0,0,0,52,0,0,0,'0'),(250,'Cold Comfort Farm',0,0,0,0,0,53,0,0,0,'0'),(251,'Sense and Sensibility',0,0,0,0,0,54,0,0,0,'0'),(252,'A Suitable Boy',0,0,0,0,0,55,0,0,0,'0'),(253,'The Shadow of the Wind',0,0,0,0,0,56,0,0,0,'0'),(254,'A Tale Of Two Cities',0,0,0,0,0,57,0,0,0,'0'),(255,'Brave New World',0,0,1,0,0,58,0,0,0,'0'),(256,'The Curious Incident of the Dog in the Night-time',0,0,1,0,0,59,2003,0,0,'Young, autistic Sherlock Holmes.'),(258,'Of Mice and Men',0,0,0,0,0,61,0,0,0,'0'),(259,'Lolita',0,0,0,0,0,62,0,0,0,'0'),(261,'The Lovely Bones',0,0,0,0,0,64,0,0,0,'0'),(262,'Count of Monte Cristo',0,0,0,0,0,65,0,0,0,'0'),(263,'On The Road',0,0,0,0,0,66,0,0,0,'0'),(264,'Jude the Obscure',0,0,1,0,0,67,2003,0,0,'0'),(265,'Bridget Jones\'s Diary',0,0,0,0,0,68,0,0,0,'0'),(266,'Midnight\'s Children',0,0,0,0,0,69,0,0,0,'0'),(267,'Moby Dick',0,0,0,0,0,70,0,0,0,'0'),(268,'Oliver Twist',0,0,1,0,0,71,2003,0,0,'0'),(269,'Dracula',0,0,0,0,0,72,0,0,0,'0'),(270,'The Secret Garden',0,0,0,0,0,73,0,0,0,'0'),(271,'Notes From A Small Island',0,0,0,0,0,74,0,0,0,'0'),(272,'Ulysses',0,0,1,0,0,75,0,0,0,'0'),(273,'The Bell Jar',0,0,0,0,0,76,0,0,0,'0'),(274,'Swallows and Amazons',0,0,0,0,0,77,0,0,0,'0'),(275,'Germinal',0,0,0,0,0,78,0,0,0,'0'),(276,'Vanity Fair',0,0,0,0,0,79,0,0,0,'0'),(277,'Possession',0,0,0,0,0,80,0,0,0,'0'),(278,'A Christmas Carol',0,0,0,0,0,81,0,0,0,'0'),(279,'Cloud Atlas',0,0,0,0,0,82,0,0,0,'0'),(280,'The Color Purple',0,0,0,0,0,83,0,0,0,'0'),(281,'The Remains of the Day',0,0,0,0,0,84,0,0,0,'0'),(282,'Madame Bovary',0,0,0,0,0,85,0,0,0,'0'),(283,'A Fine Balance',0,0,0,0,0,86,0,0,0,'0'),(284,'Charlotte\'s Web',0,0,0,0,0,87,0,0,0,'0'),(285,'The Five People You Meet In Heaven',0,0,0,0,0,88,0,0,0,'0'),(286,'Adventures of Sherlock Holmes',0,0,0,0,0,89,0,0,0,'0'),(287,'The Faraway Tree Collection',0,0,0,0,0,90,0,0,0,'0'),(288,'Heart of Darkness',0,0,1,0,0,91,0,0,0,'0'),(289,'The Little Prince',0,0,0,0,0,92,0,0,0,'0'),(290,'The Wasp Factory',0,0,1,0,0,93,2003,0,0,'0'),(291,'Watership Down',0,0,0,0,0,94,0,0,0,'0'),(292,'A Confederacy of Dunces',0,0,0,0,0,95,0,0,0,'0'),(293,'A Town Like Alice',0,0,0,0,0,96,0,0,0,'0'),(294,'The Three Musketeers',0,0,0,0,0,97,0,0,0,'0'),(296,'Consider Phlebas',0,0,1,0,0,0,2003,0,0,'0'),(297,'The Player Of Games',0,0,1,0,0,0,2003,0,0,'0'),(298,'Use Of Weapons',0,0,1,0,0,0,2003,0,0,'0'),(299,'The State of the Art',0,0,1,0,0,0,2003,0,0,'0'),(300,'Against a Dark Background',0,0,1,0,0,0,2003,0,0,'0'),(301,'Feersum Endjinn',0,0,1,0,0,0,2003,0,0,'0'),(302,'Excession',0,0,1,0,0,0,2003,0,0,'0'),(303,'Look To Windward',0,0,1,0,0,0,2003,0,0,'0'),(304,'The Algebraist',0,0,1,0,0,0,2003,0,0,'0'),(305,'The Crow Road',0,0,1,0,0,0,2003,0,0,'0'),(307,'Complicity',0,0,1,0,0,0,2003,0,0,'0'),(308,'Knots and Crosses',0,0,1,0,0,0,2003,0,0,'0'),(309,'Hide and Seek',0,0,1,0,0,0,2003,0,0,'0'),(310,'Tooth and Nail',0,0,1,0,0,0,2003,0,0,'0'),(311,'A Good Hanging',0,0,1,0,0,0,2003,0,0,'0'),(312,'Strip Jack',0,0,1,0,0,0,2003,0,0,'0'),(313,'The Black Book',0,0,1,0,0,0,2003,0,0,'0'),(314,'Mortal Causes',0,0,1,0,0,0,2003,0,0,'0'),(315,'Let It Bleed',0,0,1,0,0,0,2003,0,0,'0'),(316,'Black And Blue',0,0,1,0,0,0,2003,0,0,'0'),(317,'The Hanging Garden',0,0,1,0,0,0,2003,0,0,'0'),(318,'Dead Souls',0,0,1,0,0,0,2003,0,0,'0'),(319,'Set In Darkness',0,0,1,0,0,0,2003,0,0,'0'),(320,'The Falls',0,0,1,0,0,0,2003,0,0,'0'),(321,'Resurrection Men',0,0,1,0,0,0,2003,0,0,'0'),(322,'A Question Of Blood',0,0,1,0,0,0,0,0,0,'0'),(323,'Fleshmarket Close',0,0,1,0,0,0,2003,0,0,'0'),(324,'Blood Hunt',0,0,1,0,0,0,2003,0,0,'0'),(325,'Bleeding Hearts',0,0,1,0,0,0,2003,0,0,'0'),(326,'Witch Hunt',0,0,1,0,0,0,2003,0,0,'0'),(327,'Watchman',0,0,1,0,0,0,2003,0,0,'0'),(328,'Eric',0,0,1,0,0,0,2003,0,0,'0'),(329,'Equal Rites',0,0,1,0,0,0,2003,0,0,'0'),(330,'Color of Magic',0,0,1,0,0,0,2003,0,0,'0'),(331,'Mort',0,0,1,0,0,0,2003,0,0,'0'),(332,'Sourcery',0,0,1,0,0,0,2003,0,0,'0'),(333,'Wyrd Sisters',0,0,1,0,0,0,2003,0,0,'0'),(334,'Pyramids',0,0,1,0,0,0,2003,0,0,'0'),(335,'Guards! Guards!',0,0,1,0,0,0,2003,0,0,'0'),(336,'Moving Pictures',0,0,1,0,0,0,2003,0,0,'0'),(337,'Reaper Man',0,0,1,0,0,0,2003,0,0,'0'),(338,'Witches Abroad',0,0,1,0,0,0,2003,0,0,'0'),(339,'Small Gods',0,0,1,0,0,0,2003,0,0,'0'),(340,'Lords and Ladies',0,0,1,0,0,0,2003,0,0,'0'),(341,'Men at Arms',0,0,1,0,0,0,2003,0,0,'0'),(342,'Soul Music',0,0,1,0,0,0,2003,0,0,'0'),(343,'Feet of Clay',0,0,1,0,0,0,2003,0,0,'0'),(344,'Interesting Times',0,0,1,0,0,0,2003,0,0,'0'),(345,'Maskerade',0,0,1,0,0,0,2003,0,0,'0'),(346,'Hogfather',0,0,1,0,0,0,2003,0,0,'0'),(347,'Jingo',0,0,1,0,0,0,2003,0,0,'0'),(348,'The Last Continent',0,0,1,0,0,0,2003,0,0,'0'),(349,'Carpe Jugulum',0,0,1,0,0,0,2003,0,0,'0'),(350,'The Fifth Elephant',0,0,1,0,0,0,2003,0,0,'0'),(351,'The Truth',0,0,1,0,0,0,2003,0,0,'0'),(352,'Thief of Time',0,0,1,0,0,0,2003,0,0,'0'),(353,'Night Watch',0,0,1,0,0,0,2003,0,0,'0'),(354,'Going Postal',0,0,1,0,0,0,2003,0,0,'0'),(355,'Birdy',0,0,1,0,0,0,2003,0,0,'Birds, like people, have been living in cages so long that they have forgotton what they should do naturally'),(356,'Dad',0,0,1,0,0,0,2003,0,0,'0'),(357,'One Flew Over the Cuckoo\'s Nest',0,0,1,0,0,0,2003,0,0,'Fantastic'),(360,'The Return of the Native',0,0,1,0,0,0,2003,0,0,'0'),(361,'The Mayor of Casterbridge',0,0,1,0,0,0,2003,0,0,'0'),(363,'Eagle in the Sky',0,0,1,0,0,0,2003,0,0,'0'),(364,'Blue Horizon',0,0,1,0,0,0,2003,0,0,'0'),(365,'Black Dog',0,0,1,0,0,0,2003,0,0,'Ben Cooper, Diane Fry... and an old guy with a black dog.'),(366,'Dancing with the Virgins',0,0,1,0,0,0,2003,0,0,'Ring of stones with a dead lass dancing.'),(367,'Blood on the Tongue',0,0,1,0,0,0,2003,0,0,'Airforce bomber, dodgy internet bookseller, winter in Edendale. '),(368,'Quite Ugly One Morning',0,0,1,0,0,0,2003,0,0,'0'),(369,'Danny Boy',0,0,1,0,0,0,2003,0,0,'19-year-old heroin addict, Doncaster, very touching/scary road trip morality tale.'),(370,'Where Wizards Stay Up Late: History of the Internet',0,0,1,0,0,0,2003,0,0,'0'),(371,'McCarthy/\'s Bar',0,0,1,0,0,0,2003,0,0,'Very funny'),(372,'One Hit Wonderland',0,0,0,0,0,0,0,0,0,'test\r'),(373,'Harry Potter and the Philosopher\'s Stone',0,0,1,0,0,0,2003,0,0,'0'),(374,'Harry Potter and the Chamber of Secrets',0,0,1,0,0,4,2003,0,0,'0'),(375,'Prizoner of Azkeban',0,0,1,0,0,0,2003,0,0,'0'),(376,'Harry Potter and the Goblet of Fire ',0,0,1,0,0,0,2003,0,0,'0'),(377,'Harry Potter and the Order of the Phoenix',0,0,1,0,0,0,2003,0,0,'0'),(378,'Deception Point',0,0,1,0,0,0,2003,0,0,'0'),(380,'Digital Fortress',0,0,1,0,0,0,2003,0,0,'0'),(381,'Angels and Demons',0,0,1,0,0,0,2003,0,0,'0'),(382,'Running Out of Time',0,0,1,0,0,0,2003,0,0,'This is the kids book that The Village was \'not\' based on.'),(383,'The Burning Girl',0,0,1,0,0,0,2003,0,0,'Young girl torched in connection with London Turkish mafia. Quite a good read.'),(384,'Want To Play',0,0,1,0,0,0,2003,0,0,'Crime based round a violent computer game.'),(385,'The Oath',0,0,1,0,0,0,2003,0,0,'Modern day christians fighting dragons.'),(386,'This Present Darkness',0,0,1,0,0,0,2003,0,0,'Angels/Christian'),(387,'Piercing the Darkness',0,0,1,0,0,0,2003,0,0,'0'),(389,'Dirk Gently\'s Holistic Detective Agency',0,0,1,0,0,0,2003,0,0,'0'),(390,'Sick Puppy',0,0,1,0,0,0,2003,0,0,'Eco-enthusiast in Florida'),(391,'Prince Caspian',0,0,1,0,0,0,2003,0,0,'0'),(392,'The Voyage of the DawnTreader',0,0,1,0,0,0,2003,0,0,'0'),(393,'The Silver Chair',0,0,1,0,0,0,2003,0,0,'0'),(394,'The Horse and His Boy',0,0,1,0,0,0,2003,0,0,'0'),(395,'The Magician\'s Nephew',0,0,1,0,0,0,2003,0,0,'0'),(396,'The Last Battle',0,0,1,0,0,0,2003,0,0,'0'),(397,'The Three Investigators Series',0,0,1,0,0,0,2003,0,0,'0'),(398,'Rendezvous with Rama',0,0,1,0,0,0,2003,0,0,'0'),(399,'Rama II',0,0,1,0,0,0,2003,0,0,'0'),(400,'Caliban\'s Hour',0,0,1,0,0,0,2003,0,0,'0'),(401,'Lanark',0,0,1,0,0,0,2003,0,0,'0'),(402,'1984',0,0,1,0,0,0,2003,0,0,'0'),(403,'The Private Memoirs And Confessions Of A Justified Sinner',0,0,1,0,0,0,2003,0,0,'0'),(404,'Trainspotting',0,0,1,0,0,0,2003,0,0,'0'),(405,'The Acid House',0,0,1,0,0,0,2003,0,0,'0'),(406,'Starship Troopers',0,0,1,0,0,0,2003,0,0,'0'),(407,'Turtle Diary',0,0,1,0,0,0,2003,0,0,'0'),(408,'The Secret Diary of Adrian Mole',0,0,1,0,0,0,2003,0,0,'0'),(409,'God Is a Bullet',0,0,1,0,0,0,2003,0,0,'0'),(410,'The Animals of Farthing Wood series',0,0,1,0,0,0,2003,0,0,'0'),(411,'Z for Zachariah',0,0,1,0,0,0,2003,0,0,'0'),(412,'Kalevela',0,0,0,0,18,0,0,0,0,'Was given this by Hanna and Rauno'),(413,'Angela\'s Ashes',0,0,0,0,19,0,0,0,0,'Recommended by Tuula. Give her a review when I\'ve read it.'),(414,'The Commodore (2)',0,0,1,0,0,0,2006,6,0,'#17 Maturin gets yellow fever and Jack is promoted to the rank of Commodore and given a squadron of ships to command. His mission is twofold -- to make a large dent in the slave trade off the coast of Africa and, on his return, to intercept a French fleet set for Bantry Bay with a cargo of weapons for the disaffected among the Irish (Jun06)'),(415,'Sharpe\'s Triumph',0,0,1,0,0,0,2006,1,0,'#2 Battle of Assaye 1803. Sharpe fights like a man possesed to save General Sir Arthur Wellesley (the future Duke of Wellington) on the Indian battlefield and is rewarded by promotion to ensign (gentleman).(Jan 06)'),(416,'The Light Fantastic',0,0,1,0,0,0,2003,0,0,'0'),(417,'Round Ireland With a Fridge',0,0,1,0,0,0,2003,0,0,'0'),(418,'Prophet',0,0,1,0,0,0,2003,0,0,'Abortion/christian'),(419,'Sharpes Story',0,0,1,0,0,0,2012,7,0,'Short book by the author of Sharpe about the series. Very good little book. Also a small biography about him being adoped into the \'Peculiar\' people. A Christian fundamentalist family... and how they turned him off religion for good :P'),(420,'Ben Retallick',0,0,0,0,1,0,0,0,0,'Dad recommended this whole series. First book.'),(421,'Zima Blue',0,0,1,0,0,0,2012,8,0,'Fantastic collection of short stories with epic SF themes, spanning Reynolds 20 year career. Can\'t get enough of this author.'),(422,'The Redbreast',0,0,1,0,0,0,2012,12,0,'First of series. Quite difficult to get into but I didn\'t have  much time to read it so only read a few pages at a time. I\'ll try the next one anyway.'),(423,'Zero Day',0,0,0,0,8,0,0,0,0,'From Elaine'),(424,'Contest',0,0,1,0,0,0,2013,6,0,'From Elaine.  The cover looked like a police procedural, but it turned out to be sci fi almost teenage lit. Very good summer read though (Jun13)'),(425,'1356',0,0,0,0,1,0,0,0,0,'4th in Grail series with Thomas of Hookton the archer'),(426,'Standing in Another Man\'s Grave',0,0,1,0,0,0,2013,1,0,'Rebus is back. Very good as always. I hope the series continues. This was based around dissapearances around the A9 Perth to Inverness via Pitlochry (Jan13)'),(427,'The Night Circus',0,0,1,0,0,0,2013,3,0,'Brilliant. Enchanting. Magical. A circus which opens at nigtht and is enfused with magic. It is there to be a stage on which 2 magicians can fulfil a challenge which their mentors trained them for. Stunning book. Will read again. Mar13'),(428,'Game Of Thrones',0,1,1,0,0,0,2013,5,0,'From Sanna (Linus\'s mum). Excellent story. Epic. Lots of characters and intertwining storylines. Twists. Everything needed for me to buy number 2 in the series (May13)'),(429,'The English Patient',0,0,1,0,0,0,2013,6,0,'Recommended by Tuula.I wasn\'t too impressed by this story. As I was reading I could recognise that it was well written but I just felt detatched from the story. Jun2013'),(430,'A Clash of Kings',0,2,1,1,0,0,2013,9,0,'Song of Ice and Fire 2: Still a very good series. Will continue reading (Sept13)'),(431,'The Pagan Lord',0,0,0,0,2,0,0,0,0,'Bernard Cornwell'),(432,'On the Steel Breeze',0,0,0,0,3,0,0,0,0,'0'),(433,'Elon Musk: Tesla, SpaceX, and the Quest for a Fantastic Future',0,0,1,0,0,0,2017,6,0,'Brilliant. This is today\'s Iron Man'),(434,'The Book Thief',0,0,1,0,0,0,2017,11,0,'World War 2. Liesel Meminger is a young girl living in a small German town. Narrated by death');
/*!40000 ALTER TABLE `titles` ENABLE KEYS */;
UNLOCK TABLES;
/*!40103 SET TIME_ZONE=@OLD_TIME_ZONE */;

/*!40101 SET SQL_MODE=@OLD_SQL_MODE */;
/*!40014 SET FOREIGN_KEY_CHECKS=@OLD_FOREIGN_KEY_CHECKS */;
/*!40014 SET UNIQUE_CHECKS=@OLD_UNIQUE_CHECKS */;
/*!40101 SET CHARACTER_SET_CLIENT=@OLD_CHARACTER_SET_CLIENT */;
/*!40101 SET CHARACTER_SET_RESULTS=@OLD_CHARACTER_SET_RESULTS */;
/*!40101 SET COLLATION_CONNECTION=@OLD_COLLATION_CONNECTION */;
/*!40111 SET SQL_NOTES=@OLD_SQL_NOTES */;

-- Dump completed on 2017-11-11  2:04:36
